Timestamp,Which college are you from?,City,Public/Private,CAPS,KEY,Education,  Is anyone from your family into Entrepreneurship?  ,Which year of college are you in currently? ,It’s easy to find the right mentor in college for my startup. ,My college and college clubs develop my entrepreneurial skills and abilities ,My institution has introduced courses in order to keep us in touch with growing wave of entrepreneurship in the country ,My family would support me if I shift my focus to unconventional or entrepreneurial activities ,If I decide to be an entrepreneur family support will be an important factor for me ,I’ll readily get mental and executional support from my peers for my venture ,It is easy for me to get funding for my startup from alumni or outside ,My country has created an ecosystem that enables young entrepreneurs to pursue their passion ,My college is located in a city which is active in entrepreneurship ,How likely are you to take up entrepreneurship as a career? ,,,,
3-13-2023 15:44:10,Jamia Milia Islamia,Delhi,Public,JAMIA MILIA ISLAMIA,1,"Engineering, Architecture, Arts, Commerce, Education, Law, Management, Science, Social Science and Humanities",Mother,Second,1,1,1,1,5,3,1,2,5,2,,,,
3-13-2023 15:43:09,Jamia Milia Islamia ,Delhi,Public,JAMIA MILIA ISLAMIA ,1,"Engineering, Architecture, Arts, Commerce, Education, Law, Management, Science, Social Science and Humanities",No One,Third,1,1,1,1,1,3,1,2,4,1,,,,
3-13-2023 16:05:43,Hindu college ,Delhi,Public,HINDU COLLEGE ,2,"Arts, Commerce and Science",No One,Second,3,4,2,1,5,3,4,2,5,1,,,,
3-13-2023 16:06:36,Hindu College ,Delhi,Public,HINDU COLLEGE ,2,"Arts, Commerce and Science",Father,Fourth,3,4,2,5,5,5,5,3,5,5,,,,
3-13-2023 16:13:38,Anna University ,Chennai,Public,ANNA UNIVERSITY ,3,"Engineering, Architecture and Applied Sciences",No One,First,2,2,1,3,5,1,4,3,2,1,,,,
3-13-2023 16:15:02,Anna University ,Chennai,Public,ANNA UNIVERSITY ,3,"Engineering, Architecture and Applied Sciences",Sibling,Third,2,3,2,5,5,5,5,3,1,3,,,,
3-2-2023 7:05:17,BITS,Pilani,Private,BITS,4,"Engineering, Science, Technology, Management, Humanities and Social Sciences.",No One,Second,4,4,3,4,4,4,4,4,3,3,,,,
3-2-2023 7:04:01,Bits ,Pilani,Private,BITS ,4,"Engineering, Science, Technology, Management, Humanities and Social Sciences.",Sibling,Second,5,4,4,5,5,5,5,5,4,5,,,,
3-13-2023 17:33:08,BITS ,Pilani,Private,BITS ,4,"Engineering, Science, Technology, Management, Humanities and Social Sciences.",No One,Fourth,5,5,4,4,5,4,4,4,2,5,,,,
2-25-2023 11:17:38,BITS Pilani,Pilani,Private,BITS PILANI,4,"Engineering, Science, Technology, Management, Humanities and Social Sciences.",No One,Fourth,5,5,5,1,4,4,5,3,1,3,,,,
2-25-2023 11:20:45,BITS Pilani,Pilani,Private,BITS PILANI,4,"Engineering, Science, Technology, Management, Humanities and Social Sciences.",Father,Third,5,4,3,5,5,4,5,4,1,3,,,,
2-25-2023 11:48:27,BITS Pilani,Pilani,Private,BITS PILANI,4,"Engineering, Science, Technology, Management, Humanities and Social Sciences.",Father,Fourth,5,5,5,5,5,5,5,5,1,4,,,,
3-3-2023 19:11:14,BITS Pilani,Pilani,Private,BITS PILANI,4,"Engineering, Science, Technology, Management, Humanities and Social Sciences.",Father,Second,5,5,5,4,3,4,4,4,4,4,,,,
3-3-2023 19:12:05,BITS Pilani,Pilani,Private,BITS PILANI,4,"Engineering, Science, Technology, Management, Humanities and Social Sciences.",No One,Third,4,4,5,3,4,4,4,4,3,4,,,,
3-5-2023 15:50:05,BITS pilani,Pilani,Private,BITS PILANI,4,"Engineering, Science, Technology, Management, Humanities and Social Sciences.",No One,Third,4,4,4,4,5,5,4,4,2,5,,,,
3-13-2023 15:17:33,Bits pilani,Pilani,Private,BITS PILANI,4,"Engineering, Science, Technology, Management, Humanities and Social Sciences.",No One,First,4,4,3,4,4,3,4,5,1,4,,,,
3-13-2023 19:36:55,BITS PILANI,Pilani,Private,BITS PILANI,4,"Engineering, Science, Technology, Management, Humanities and Social Sciences.",No One,Fourth,4,4,3,5,5,5,4,4,2,5,,,,
3-13-2023 15:35:38,bits pilani ,Pilani,Private,BITS PILANI ,4,"Engineering, Science, Technology, Management, Humanities and Social Sciences.",No One,Third,2,2,2,2,5,3,1,2,1,1,,,,
3-13-2023 15:44:15,"BITS, Pilani",Pilani,Private,"BITS, PILANI",4,"Engineering, Science, Technology, Management, Humanities and Social Sciences.",Father,Second,5,5,5,5,5,5,5,5,5,5,,,,
2-25-2023 11:23:49,BITS Goa,Sancoale,Private,BITS GOA,5,"Engineering, Science, Technology, Management, Humanities and Social Sciences.",Grandparents,Fifth,4,4,3,5,5,3,4,3,2,4,,,,
3-3-2023 16:53:05,Bits Goa,Sancoale,Private,BITS GOA,5,"Engineering, Science, Technology, Management, Humanities and Social Sciences.",No One,Second,1,3,3,4,4,3,2,4,3,3,,,,
3-6-2023 14:38:30,BITS goa,Sancoale,Private,BITS GOA,5,"Engineering, Science, Technology, Management, Humanities and Social Sciences.",No One,First,4,4,3,2,3,3,3,5,1,3,,,,
3-13-2023 15:18:09,BITS Goa,Sancoale,Private,BITS GOA,5,"Engineering, Science, Technology, Management, Humanities and Social Sciences.",No One,Fourth,4,4,3,4,1,4,4,3,2,3,,,,
3-13-2023 17:46:45,bits Goa,Sancoale,Private,BITS GOA,5,"Engineering, Science, Technology, Management, Humanities and Social Sciences.",No One,Fourth,3,4,3,4,4,4,3,4,2,4,,,,
3-13-2023 19:35:52,BITS goa,Sancoale,Private,BITS GOA,5,"Engineering, Science, Technology, Management, Humanities and Social Sciences.",No One,Third,3,4,2,3,3,4,3,3,3,4,,,,
3-13-2023 20:08:53,BITS GOA,Sancoale,Private,BITS GOA,5,"Engineering, Science, Technology, Management, Humanities and Social Sciences.",Sibling,Third,3,4,2,4,4,4,3,4,2,4,,,,
3-13-2023 15:45:04,"BITS, Goa",Sancoale,Private,"BITS, GOA",5,"Engineering, Science, Technology, Management, Humanities and Social Sciences.",Mother,First,5,5,5,5,5,5,5,5,5,5,,,,
3-13-2023 15:46:06,"BITS, Goa",Sancoale,Private,"BITS, GOA",5,"Engineering, Science, Technology, Management, Humanities and Social Sciences.",Sibling,Third,4,5,4,5,4,5,4,4,4,5,,,,
2-25-2023 11:22:03,BITS Hyderabad,Hyderabad,Private,BITS HYDERABAD,6,"Engineering, Science, Technology, Management, Humanities and Social Sciences.",No One,Third,3,3,2,4,2,3,3,5,5,2,,,,
3-3-2023 16:43:33,Bits Hyderabad,Hyderabad,Private,BITS HYDERABAD,6,"Engineering, Science, Technology, Management, Humanities and Social Sciences.",Father,Fourth,3,3,3,4,4,4,3,4,5,3,,,,
3-6-2023 14:26:18,BITS Hyderabad ,Hyderabad,Private,BITS HYDERABAD ,6,"Engineering, Science, Technology, Management, Humanities and Social Sciences.",No One,Fourth,4,3,3,2,4,4,3,3,4,5,,,,
3-6-2023 16:40:21,BITS HYDERABAD ,Hyderabad,Private,BITS HYDERABAD ,6,"Engineering, Science, Technology, Management, Humanities and Social Sciences.",No One,Fourth,3,3,3,4,4,5,3,4,4,3,,,,
3-13-2023 15:18:45,bits Hyderabad ,Hyderabad,Private,BITS HYDERABAD ,6,"Engineering, Science, Technology, Management, Humanities and Social Sciences.",Father,Fourth,2,2,2,3,5,3,3,1,1,2,,,,
3-13-2023 15:56:39,bits Hyderabad ,Hyderabad,Private,BITS HYDERABAD ,6,"Engineering, Science, Technology, Management, Humanities and Social Sciences.",No One,Third,3,3,2,4,4,4,3,4,2,3,,,,
3-13-2023 19:35:11,BITS HYDERABAD ,Hyderabad,Private,BITS HYDERABAD ,6,"Engineering, Science, Technology, Management, Humanities and Social Sciences.",No One,First,3,3,2,3,4,4,3,3,4,4,,,,
3-13-2023 20:08:08,BITS HYDERABAD ,Hyderabad,Private,BITS HYDERABAD ,6,"Engineering, Science, Technology, Management, Humanities and Social Sciences.",No One,Fourth,3,3,2,4,5,4,3,4,4,4,,,,
3-2-2023 7:07:52,COEP,Pune,Public,COEP,7,Engineering ,No One,Second,3,3,3,5,4,4,3,4,5,4,,,,
3-3-2023 16:31:08,Coep,Pune,Public,COEP,7,Engineering ,No One,Second,3,3,3,5,5,3,3,4,4,4,,,,
3-10-2023 11:51:02,COEP,Pune,Public,COEP,7,Engineering ,No One,Second,3,3,3,4,4,2,2,3,5,2,,,,
3-10-2023 11:51:47,COEP,Pune,Public,COEP,7,Engineering ,No One,Second,2,3,3,4,3,4,4,4,4,4,,,,
3-13-2023 17:18:19,COEP,Pune,Public,COEP,7,Engineering ,Father,Second,3,3,3,3,4,4,2,4,4,4,,,,
3-13-2023 19:33:51,COEP,Pune,Public,COEP,7,Engineering ,No One,Fourth,5,5,5,5,5,5,5,5,5,5,,,,
2-27-2023 13:40:26,Hansraj college ,Delhi,Public,HANSRAJ COLLEGE ,8,"Arts, Commerce and Science",No One,Second,2,1,1,2,2,2,1,3,3,4,,,,
3-13-2023 15:59:20,Hansraj College ,Delhi,Public,HANSRAJ COLLEGE ,8,"Arts, Commerce and Science",No One,Second,4,3,3,3,5,4,5,2,5,4,,,,
3-13-2023 15:59:55,Hansraj College ,Delhi,Public,HANSRAJ COLLEGE ,8,"Arts, Commerce and Science",Father,Third,2,4,2,5,5,3,4,2,5,5,,,,
2-27-2023 17:38:13,IISc,Bangalore,Public,IISC,9,"Science, Engineering, Design and Management",No One,Third,3,2,1,2,4,3,1,4,5,2,,,,
2-27-2023 17:46:12,IISC,Bangalore,Public,IISC,9,"Science, Engineering, Design and Management",No One,Second,4,3,2,4,5,3,3,4,5,3,,,,
3-3-2023 16:16:05,IISc,Bangalore,Public,IISC,9,"Science, Engineering, Design and Management",No One,Third,3,2,2,3,5,3,3,4,5,2,,,,
2-8-2023 17:32:18,IIT Bombay,Mumbai,Public,IIT BOMBAY,10,"Engineering, Science, Management, Design and Humanities",No One,Second,1,1,1,5,3,1,1,1,4,5,,,,
2-9-2023 22:03:37,IIT Bombay,Mumbai,Public,IIT BOMBAY,10,"Engineering, Science, Management, Design and Humanities",No One,Third,2,4,5,3,4,4,3,4,5,4,,,,
2-9-2023 23:14:51,IIT Bombay,Mumbai,Public,IIT BOMBAY,10,"Engineering, Science, Management, Design and Humanities",Father,Fifth,4,4,3,5,5,4,5,4,5,4,,,,
2-26-2023 14:53:39,IIT Bombay,Mumbai,Public,IIT BOMBAY,10,"Engineering, Science, Management, Design and Humanities",No One,Second,4,3,1,4,5,5,4,4,5,4,,,,
2-26-2023 14:54:39,IIT Bombay,Mumbai,Public,IIT BOMBAY,10,"Engineering, Science, Management, Design and Humanities",No One,Second,4,4,2,4,5,5,5,5,5,3,,,,
3-3-2023 16:26:55,Iit bombay,Mumbai,Public,IIT BOMBAY,10,"Engineering, Science, Management, Design and Humanities",Sibling,First,5,4,4,4,4,3,3,3,3,3,,,,
3-3-2023 19:12:52,IIT Bombay,Mumbai,Public,IIT BOMBAY,10,"Engineering, Science, Management, Design and Humanities",No One,Second,4,5,5,3,4,5,4,3,5,5,,,,
3-6-2023 23:36:55,IIT Bombay,Mumbai,Public,IIT BOMBAY,10,"Engineering, Science, Management, Design and Humanities",Father,Fourth,4,5,5,3,4,4,4,5,5,2,,,,
3-10-2023 13:10:20,IIT Bombay,Mumbai,Public,IIT BOMBAY,10,"Engineering, Science, Management, Design and Humanities",No One,Second,4,5,5,3,4,5,5,4,5,4,,,,
3-13-2023 19:34:14,IIT Bombay,Mumbai,Public,IIT BOMBAY,10,"Engineering, Science, Management, Design and Humanities",No One,Second,5,5,5,5,5,5,4,4,5,5,,,,
3-13-2023 19:34:39,IIT Bombay,Mumbai,Public,IIT BOMBAY,10,"Engineering, Science, Management, Design and Humanities",Father,Second,5,5,5,5,5,5,5,5,5,5,,,,
2-8-2023 17:30:36,IIT Bombay ,Mumbai,Public,IIT BOMBAY ,10,"Engineering, Science, Management, Design and Humanities",No One,Second,4,5,5,5,5,4,3,3,5,4,,,,
2-9-2023 11:22:26,IIT BOMBAY ,Mumbai,Public,IIT BOMBAY ,10,"Engineering, Science, Management, Design and Humanities",Father,First,4,5,5,5,5,3,4,4,5,4,,,,
2-9-2023 14:04:16,Iit bombay ,Mumbai,Public,IIT BOMBAY ,10,"Engineering, Science, Management, Design and Humanities",No One,Second,3,4,5,3,3,2,3,4,5,5,,,,
2-9-2023 21:35:21,IIT BOMBAY ,Mumbai,Public,IIT BOMBAY ,10,"Engineering, Science, Management, Design and Humanities",No One,First,1,3,5,5,5,2,4,4,5,5,,,,
2-12-2023 12:56:00,IIT Bombay ,Mumbai,Public,IIT BOMBAY ,10,"Engineering, Science, Management, Design and Humanities",Sibling,Second,3,2,4,1,5,3,4,2,4,4,,,,
2-28-2023 13:15:47,IIT Bombay ,Mumbai,Public,IIT BOMBAY ,10,"Engineering, Science, Management, Design and Humanities",No One,Third,4,4,3,2,4,4,5,4,4,4,,,,
3-6-2023 23:36:11,IIT Bombay ,Mumbai,Public,IIT BOMBAY ,10,"Engineering, Science, Management, Design and Humanities",No One,Fourth,5,5,5,4,4,5,4,4,5,4,,,,
3-10-2023 13:10:52,IIT Bombay ,Mumbai,Public,IIT BOMBAY ,10,"Engineering, Science, Management, Design and Humanities",Father,First,5,5,5,4,5,5,5,4,5,5,,,,
3-10-2023 13:11:20,IIT Bombay ,Mumbai,Public,IIT BOMBAY ,10,"Engineering, Science, Management, Design and Humanities",Grandparents,Third,4,5,5,2,3,4,4,4,5,4,,,,
3-10-2023 13:11:52,IIT Bombay ,Mumbai,Public,IIT BOMBAY ,10,"Engineering, Science, Management, Design and Humanities",No One,Third,4,4,4,3,3,4,4,4,5,3,,,,
3-10-2023 13:12:14,IIT Bombay ,Mumbai,Public,IIT BOMBAY ,10,"Engineering, Science, Management, Design and Humanities",No One,Fourth,4,5,5,5,5,5,5,5,5,5,,,,
2-25-2023 11:16:46,IITB,Mumbai,Public,IITB,10,"Engineering, Science, Management, Design and Humanities",Father,First,5,4,2,2,3,5,5,3,5,5,,,,
2-25-2023 11:47:51,IITB,Mumbai,Public,IITB,10,"Engineering, Science, Management, Design and Humanities",Mother,First,5,4,3,5,5,5,5,4,5,5,,,,
2-25-2023 12:24:20,IITB,Mumbai,Public,IITB,10,"Engineering, Science, Management, Design and Humanities",No One,Third,5,4,4,3,4,4,5,4,4,4,,,,
2-27-2023 16:38:18,IITB,Mumbai,Public,IITB,10,"Engineering, Science, Management, Design and Humanities",No One,Third,4,4,4,4,4,4,4,4,4,4,,,,
3-3-2023 16:15:25,IITB,Mumbai,Public,IITB,10,"Engineering, Science, Management, Design and Humanities",Sibling,Second,5,4,3,3,4,5,4,4,4,5,,,,
3-13-2023 17:13:33,iitb,Mumbai,Public,IITB,10,"Engineering, Science, Management, Design and Humanities",Father,Fourth,4,4,4,4,4,4,4,4,4,4,,,,
3-13-2023 19:35:02,IITB,Mumbai,Public,IITB,10,"Engineering, Science, Management, Design and Humanities",No One,Second,5,5,5,5,5,5,5,5,5,5,,,,
3-13-2023 19:35:26,IITB,Mumbai,Public,IITB,10,"Engineering, Science, Management, Design and Humanities",No One,Second,5,5,5,5,5,5,4,5,5,5,,,,
3-13-2023 19:35:53,IITB,Mumbai,Public,IITB,10,"Engineering, Science, Management, Design and Humanities",No One,Second,5,5,5,5,5,5,5,5,5,5,,,,
3-13-2023 19:46:07,IITB,Mumbai,Public,IITB,10,"Engineering, Science, Management, Design and Humanities",No One,Fifth,5,5,5,5,5,5,5,5,5,5,,,,
3-13-2023 19:46:26,IITB,Mumbai,Public,IITB,10,"Engineering, Science, Management, Design and Humanities",No One,Second,5,5,5,5,5,4,5,5,5,5,,,,
3-13-2023 19:47:10,IITB,Mumbai,Public,IITB,10,"Engineering, Science, Management, Design and Humanities",No One,Second,4,4,4,4,4,4,4,4,4,5,,,,
3-13-2023 19:47:45,IITB,Mumbai,Public,IITB,10,"Engineering, Science, Management, Design and Humanities",No One,Second,4,4,4,4,4,4,4,4,4,4,,,,
3-13-2023 20:05:14,IITB,Mumbai,Public,IITB,10,"Engineering, Science, Management, Design and Humanities",Grandparents,Fourth,4,4,3,4,5,5,5,5,5,5,,,,
2-8-2023 18:35:17,IITB ,Mumbai,Public,IITB ,10,"Engineering, Science, Management, Design and Humanities",No One,Second,3,2,2,3,2,3,3,3,2,3,,,,
2-8-2023 17:46:34,IITBOMBAY ,Mumbai,Public,IITBOMBAY ,10,"Engineering, Science, Management, Design and Humanities",No One,Second,3,3,5,5,5,4,3,1,5,3,,,,
2-8-2023 17:31:57,Indian institute of technology Bombay ,Mumbai,Public,INDIAN INSTITUTE OF TECHNOLOGY BOMBAY ,10,"Engineering, Science, Management, Design and Humanities",No One,Second,3,5,5,2,4,5,4,1,5,5,,,,
3-3-2023 23:33:27,IIT delhi,Delhi,Public,IIT DELHI,11,"Engineering, Science, Management and Humanities",No One,Third,4,5,4,4,4,4,4,3,5,4,,,,
3-3-2023 23:34:07,IIT Delhi,Delhi,Public,IIT DELHI,11,"Engineering, Science, Management and Humanities",Father,Second,5,5,5,4,5,4,4,4,4,4,,,,
3-6-2023 23:34:59,IIT delhi,Delhi,Public,IIT DELHI,11,"Engineering, Science, Management and Humanities",Father,Second,4,4,5,5,5,5,5,4,5,4,,,,
2-27-2023 10:36:58,IIT Delhi ,Delhi,Public,IIT DELHI ,11,"Engineering, Science, Management and Humanities",No One,Second,5,5,3,3,4,4,5,5,5,3,,,,
2-27-2023 10:38:08,IIT Delhi ,Delhi,Public,IIT DELHI ,11,"Engineering, Science, Management and Humanities",Father,Fourth,5,5,3,5,5,5,5,2,5,5,,,,
3-6-2023 23:35:33,IIT Delhi ,Delhi,Public,IIT DELHI ,11,"Engineering, Science, Management and Humanities",No One,First,4,4,4,4,4,4,4,4,4,3,,,,
3-10-2023 14:01:27,IIT Delhi ,Delhi,Public,IIT DELHI ,11,"Engineering, Science, Management and Humanities",No One,Third,4,4,5,4,4,4,4,4,4,4,,,,
3-10-2023 14:02:53,IIT Delhi ,Delhi,Public,IIT DELHI ,11,"Engineering, Science, Management and Humanities",No One,Third,4,4,4,3,4,4,5,4,4,3,,,,
3-10-2023 14:03:37,IIT Delhi ,Delhi,Public,IIT DELHI ,11,"Engineering, Science, Management and Humanities",Grandparents,Second,3,5,5,2,4,4,4,3,5,3,,,,
3-10-2023 14:04:37,IIT delhi ,Delhi,Public,IIT DELHI ,11,"Engineering, Science, Management and Humanities",Sibling,Second,4,4,5,4,5,4,5,4,4,4,,,,
2-27-2023 16:20:22,IITD,Delhi,Public,IITD,11,"Engineering, Science, Management and Humanities",Father,Second,5,4,2,5,4,5,5,5,5,4,,,,
2-27-2023 16:22:24,IITD,Delhi,Public,IITD,11,"Engineering, Science, Management and Humanities",No One,Second,4,4,2,4,5,4,4,5,5,3,,,,
2-27-2023 17:37:13,IITD,Delhi,Public,IITD,11,"Engineering, Science, Management and Humanities",No One,First,5,4,3,3,4,4,5,4,5,4,,,,
2-28-2023 6:50:36,IITD,Delhi,Public,IITD,11,"Engineering, Science, Management and Humanities",No One,Second,4,4,2,3,5,4,4,5,5,4,,,,
2-28-2023 6:53:16,IITD,Delhi,Public,IITD,11,"Engineering, Science, Management and Humanities",No One,Second,4,3,1,4,5,4,4,5,5,4,,,,
3-13-2023 17:15:24,iitd,Delhi,Public,IITD,11,"Engineering, Science, Management and Humanities",No One,First,4,4,4,4,3,4,5,4,4,4,,,,
3-13-2023 19:23:42,IITD,Delhi,Public,IITD,11,"Engineering, Science, Management and Humanities",No One,Fourth,4,4,3,4,4,3,3,5,3,4,,,,
2-9-2023 13:19:50,Iitd ,Delhi,Public,IITD ,11,"Engineering, Science, Management and Humanities",No One,Second,3,3,3,2,4,5,3,4,5,2,,,,
3-13-2023 16:22:23,"IIT, Delhi",Delhi,Public,"IIT, DELHI",11,"Engineering, Science, Management and Humanities",No One,Second,5,5,5,5,5,5,5,5,5,5,,,,
16-03-2023 12:07,IITD,Delhi,Public,IITD,11,"Engineering, Science, Management and Humanities",No One,Second,4,4,2,4,4,4,4,4,4,4,,,,
16-03-2023 12:18,IITD,Delhi,Public,IITD,11,"Engineering, Science, Management and Humanities",Mother,Third,4,2,2,3,3,4,4,3,4,4,,,,
16-03-2023 12:19,IITD,Delhi,Public,IITD,11,"Engineering, Science, Management and Humanities",Mother,Second,2,3,2,4,4,5,5,5,5,5,,,,
16-03-2023 12:20,IIT Delhi,Delhi,Public,IIT DELHI,11,"Engineering, Science, Management and Humanities",Mother,Fourth,4,4,2,4,4,5,5,5,5,3,,,,
3-13-2023 20:17:17,IIT gandhinagar ,Gandhinagar,Public,IIT GANDHINAGAR ,12,"Engineering, Science, Humanities and Social Sciences",No One,Fourth,2,2,1,5,5,4,3,4,2,2,,,,
3-13-2023 20:19:02,IIT gandhinagar ,Gandhinagar,Public,IIT GANDHINAGAR ,12,"Engineering, Science, Humanities and Social Sciences",No One,Third,3,2,1,2,2,4,2,4,1,2,,,,
3-13-2023 20:21:04,IIT gandhinagar ,Gandhinagar,Public,IIT GANDHINAGAR ,12,"Engineering, Science, Humanities and Social Sciences",Father,First,1,1,1,5,5,3,4,4,1,4,,,,
3-13-2023 20:27:42,IIT Gandhinagar ,Gandhinagar,Public,IIT GANDHINAGAR ,12,"Engineering, Science, Humanities and Social Sciences",No One,First,2,2,2,3,3,4,2,3,1,1,,,,
2-8-2023 15:32:09,IIT Guwahati,Guwahati,Public,IIT GUWAHATI,13,"Engineering, Science and Humanities",No One,Second,1,1,1,3,5,2,1,2,1,5,,,,
2-8-2023 18:18:07,IIT Guwahati,Guwahati,Public,IIT GUWAHATI,13,"Engineering, Science and Humanities",No One,Second,1,5,1,1,5,4,1,2,1,3,,,,
3-11-2023 9:53:58,IIT Guwahati,Guwahati,Public,IIT GUWAHATI,13,"Engineering, Science and Humanities",No One,Second,3,3,3,4,4,4,4,4,3,4,,,,
2-8-2023 15:32:38,IIT guwahati ,Guwahati,Public,IIT GUWAHATI ,13,"Engineering, Science and Humanities",No One,Second,1,2,1,3,5,2,2,2,2,3,,,,
2-8-2023 22:03:04,IIT Guwahati ,Guwahati,Public,IIT GUWAHATI ,13,"Engineering, Science and Humanities",No One,Second,3,3,5,1,3,4,1,5,3,2,,,,
2-27-2023 17:42:12,IIT Guwahati ,Guwahati,Public,IIT GUWAHATI ,13,"Engineering, Science and Humanities",No One,Second,3,3,2,2,4,3,2,4,1,2,,,,
3-3-2023 16:21:40,IIT Guwahati ,Guwahati,Public,IIT GUWAHATI ,13,"Engineering, Science and Humanities",No One,Second,4,4,4,4,5,4,3,5,2,3,,,,
3-3-2023 16:22:47,IIT Guwahati ,Guwahati,Public,IIT GUWAHATI ,13,"Engineering, Science and Humanities",No One,Fourth,3,2,3,4,5,4,4,4,3,4,,,,
3-3-2023 16:24:19,IIT Guwahati ,Guwahati,Public,IIT GUWAHATI ,13,"Engineering, Science and Humanities",Father,Second,3,3,3,4,5,4,4,4,4,4,,,,
3-8-2023 14:49:15,IIT Guwahati ,Guwahati,Public,IIT GUWAHATI ,13,"Engineering, Science and Humanities",No One,Second,3,3,3,4,4,4,4,4,2,3,,,,
3-10-2023 1:25:04,IIT Guwahati ,Guwahati,Public,IIT GUWAHATI ,13,"Engineering, Science and Humanities",Father,Third,4,4,4,4,5,5,4,4,2,4,,,,
3-10-2023 1:25:40,IIT Guwahati ,Guwahati,Public,IIT GUWAHATI ,13,"Engineering, Science and Humanities",No One,Fourth,4,5,5,2,4,4,4,3,2,3,,,,
3-10-2023 1:26:14,IIT Guwahati ,Guwahati,Public,IIT GUWAHATI ,13,"Engineering, Science and Humanities",Father,Fourth,4,4,5,4,5,4,3,3,3,1,,,,
3-10-2023 1:26:46,IIT Guwahati ,Guwahati,Public,IIT GUWAHATI ,13,"Engineering, Science and Humanities",Grandparents,Fourth,3,3,3,2,2,3,3,2,2,2,,,,
3-11-2023 9:55:09,IIT Guwahati ,Guwahati,Public,IIT GUWAHATI ,13,"Engineering, Science and Humanities",No One,Second,2,3,3,4,4,4,4,4,3,4,,,,
3-10-2023 1:24:14,IIT Guwhati,Guwahati,Public,IIT GUWHATI,13,"Engineering, Science and Humanities",No One,Third,4,4,5,2,4,4,4,3,3,2,,,,
2-8-2023 15:54:09,IITG,Guwahati,Public,IITG,13,"Engineering, Science and Humanities",No One,Second,3,3,2,2,5,3,2,3,2,2,,,,
2-25-2023 11:50:34,IITG,Guwahati,Public,IITG,13,"Engineering, Science and Humanities",No One,Fourth,3,3,3,3,3,3,3,3,3,2,,,,
2-27-2023 17:29:08,IITG,Guwahati,Public,IITG,13,"Engineering, Science and Humanities",No One,First,3,4,3,3,5,3,2,4,2,2,,,,
3-13-2023 17:25:44,iitg,Guwahati,Public,IITG,13,"Engineering, Science and Humanities",No One,Second,2,2,2,2,2,2,2,2,2,2,,,,
3-13-2023 20:14:29,IITG,Guwahati,Public,IITG,13,"Engineering, Science and Humanities",No One,Second,3,4,2,1,5,4,3,4,1,1,,,,
2-13-2023 20:09:12,IIT Hyderabad ,Hyderabad,Public,IIT HYDERABAD ,14,"Engineering, Science, Management and Humanities",No One,Second,4,5,5,4,5,4,5,5,5,4,,,,
2-27-2023 17:30:12,IIT Hyderabad ,Hyderabad,Public,IIT HYDERABAD ,14,"Engineering, Science, Management and Humanities",No One,Third,4,3,3,4,5,4,3,4,4,3,,,,
2-27-2023 17:31:13,IIT Hyderabad ,Hyderabad,Public,IIT HYDERABAD ,14,"Engineering, Science, Management and Humanities",Father,First,4,4,4,5,5,4,4,4,5,5,,,,
3-3-2023 16:22:02,IIT HYDERABAD ,Hyderabad,Public,IIT HYDERABAD ,14,"Engineering, Science, Management and Humanities",No One,Second,3,3,3,4,4,4,2,4,4,4,,,,
2-27-2023 18:23:30,iith,Hyderabad,Public,IITH,14,"Engineering, Science, Management and Humanities",No One,First,3,3,2,3,4,3,3,4,4,4,,,,
3-13-2023 17:17:56,iith,Hyderabad,Public,IITH,14,"Engineering, Science, Management and Humanities",No One,Third,3,3,3,3,3,3,3,4,4,3,,,,
16-03-2023 08:41,IITH,Hyderabad,Public,IITH,14,"Engineering, Science, Management and Humanities",No One,Second,4,4,3,4,4,5,4,5,5,5,,,,
16-03-2023 08:42,IITH,Hyderabad,Public,IITH,14,"Engineering, Science, Management and Humanities",No One,Second,2,4,3,5,4,5,4,4,4,4,,,,
3-3-2023 16:27:07,IIT indore,Indore,Public,IIT INDORE,15,"Engineering, Science, Humanities and Social Sciences",No One,Second,3,3,4,2,5,4,3,3,3,3,,,,
3-3-2023 16:28:47,IIT indore,Indore,Public,IIT INDORE,15,"Engineering, Science, Humanities and Social Sciences",No One,Second,3,3,3,4,4,3,3,4,3,4,,,,
3-10-2023 1:28:10,IIT indore,Indore,Public,IIT INDORE,15,"Engineering, Science, Humanities and Social Sciences",Father,Second,3,4,4,3,4,3,2,2,3,3,,,,
3-10-2023 1:28:43,IIT Indore,Indore,Public,IIT INDORE,15,"Engineering, Science, Humanities and Social Sciences",No One,Second,4,4,4,2,5,2,2,2,3,1,,,,
3-13-2023 15:34:45,IIT Indore,Indore,Public,IIT INDORE,15,"Engineering, Science, Humanities and Social Sciences",No One,Second,4,3,4,3,3,3,4,4,3,3,,,,
3-13-2023 15:37:00,IIT Indore,Indore,Public,IIT INDORE,15,"Engineering, Science, Humanities and Social Sciences",No One,Third,4,4,2,4,4,4,4,4,3,4,,,,
2-27-2023 10:39:08,IIT Indore ,Indore,Public,IIT INDORE ,15,"Engineering, Science, Humanities and Social Sciences",Mother,First,5,2,2,4,5,4,3,1,2,2,,,,
2-27-2023 10:40:17,IIT Indore ,Indore,Public,IIT INDORE ,15,"Engineering, Science, Humanities and Social Sciences",No One,Second,3,5,2,3,5,4,3,3,1,5,,,,
3-10-2023 1:29:18,IIT Indore ,Indore,Public,IIT INDORE ,15,"Engineering, Science, Humanities and Social Sciences",Father,First,4,4,3,2,5,2,1,4,3,3,,,,
3-10-2023 1:29:49,IIT Indore ,Indore,Public,IIT INDORE ,15,"Engineering, Science, Humanities and Social Sciences",Grandparents,First,3,3,4,4,2,4,4,4,3,4,,,,
2-20-2023 11:11:45,IIT INDORR,Indore,Public,IIT INDORR,15,"Engineering, Science, Humanities and Social Sciences",No One,Second,2,3,2,1,4,3,2,2,3,2,,,,
3-3-2023 16:25:14,IT Indore,Indore,Public,IT INDORE,15,"Engineering, Science, Humanities and Social Sciences",No One,Second,3,3,4,4,5,4,4,4,1,4,,,,
3-13-2023 17:41:46,IIT k,Kanpur,Public,IIT K,16,"Engineering, Science, Management and Humanities",Grandparents,Fourth,4,4,3,4,5,3,4,3,2,4,,,,
3-8-2023 3:11:33,IIT Kanpur,Kanpur,Public,IIT KANPUR,16,"Engineering, Science, Management and Humanities",No One,Third,4,4,5,3,5,4,4,4,4,3,,,,
3-8-2023 3:12:07,IIT kanpur,Kanpur,Public,IIT KANPUR,16,"Engineering, Science, Management and Humanities",Father,Second,4,4,5,4,4,4,5,4,4,4,,,,
3-9-2023 7:01:30,IIT Kanpur,Kanpur,Public,IIT KANPUR,16,"Engineering, Science, Management and Humanities",No One,Second,4,4,4,5,3,4,3,4,3,4,,,,
3-9-2023 7:03:02,IIT Kanpur,Kanpur,Public,IIT KANPUR,16,"Engineering, Science, Management and Humanities",No One,Fourth,4,4,1,3,3,4,4,4,3,3,,,,
3-13-2023 15:38:12,IIT Kanpur,Kanpur,Public,IIT KANPUR,16,"Engineering, Science, Management and Humanities",No One,Second,2,3,2,4,4,4,4,4,4,4,,,,
3-13-2023 15:39:00,IIT Kanpur,Kanpur,Public,IIT KANPUR,16,"Engineering, Science, Management and Humanities",Mother,Second,4,4,4,5,5,5,5,5,5,5,,,,
3-13-2023 15:40:43,IIT Kanpur,Kanpur,Public,IIT KANPUR,16,"Engineering, Science, Management and Humanities",No One,Third,2,3,2,4,4,3,4,4,4,4,,,,
3-13-2023 17:16:17,IIT Kanpur,Kanpur,Public,IIT KANPUR,16,"Engineering, Science, Management and Humanities",No One,Second,4,4,4,4,4,4,3,4,4,4,,,,
2-27-2023 16:46:28,IIT Kanpur ,Kanpur,Public,IIT KANPUR ,16,"Engineering, Science, Management and Humanities",No One,Fourth,3,3,3,3,4,5,5,5,5,5,,,,
2-27-2023 19:28:50,IITK,Kanpur,Public,IITK,16,"Engineering, Science, Management and Humanities",No One,Second,4,4,3,2,3,3,4,4,2,4,,,,
3-3-2023 16:16:43,IITK,Kanpur,Public,IITK,16,"Engineering, Science, Management and Humanities",Father,Fourth,4,3,3,4,5,4,3,4,2,4,,,,
16-03-2023 08:38,IITK,Kanpur,Public,IITK,16,"Engineering, Science, Management and Humanities",No One,Third,5,4,1,5,5,5,4,4,4,4,,,,
16-03-2023 08:39,IITK,Kanpur,Public,IITK,16,"Engineering, Science, Management and Humanities",Sibling,Fourth,4,4,4,4,4,4,4,4,4,4,,,,
16-03-2023 08:40,IITK,Kanpur,Public,IITK,16,"Engineering, Science, Management and Humanities",No One,Fourth,4,4,2,4,4,4,4,4,3,4,,,,
16-03-2023 08:41,IITK,Kanpur,Public,IITK,16,"Engineering, Science, Management and Humanities",No One,Second,4,4,3,5,5,5,5,5,4,5,,,,
16-03-2023 12:07,IITK,Kanpur,Public,IITK,16,"Engineering, Science, Management and Humanities",Mother,Second,4,4,2,3,3,4,3,3,3,3,,,,
16-03-2023 12:11,IITK,Kanpur,Public,IITK,16,"Engineering, Science, Management and Humanities",Father,Second,4,4,2,3,3,4,4,4,4,4,,,,
16-03-2023 12:12,IITK,Kanpur,Public,IITK,16,"Engineering, Science, Management and Humanities",Father,Second,3,4,3,4,4,4,4,4,4,4,,,,
2-25-2023 11:44:57,IIT Kgp,Kharagpur,Public,IIT KGP,17,"Engineering, Science, Management and Humanities",No One,Second,4,4,3,2,2,3,4,4,1,4,,,,
2-25-2023 11:46:23,IIT Kgp,Kharagpur,Public,IIT KGP,17,"Engineering, Science, Management and Humanities",No One,Third,4,4,3,4,5,4,4,5,1,3,,,,
2-11-2023 8:56:01,IIT Kharagpur,Kharagpur,Public,IIT KHARAGPUR,17,"Engineering, Science, Management and Humanities",No One,Second,2,2,3,4,4,3,4,2,1,4,,,,
2-11-2023 10:45:02,IIT Kharagpur,Kharagpur,Public,IIT KHARAGPUR,17,"Engineering, Science, Management and Humanities",No One,Second,3,4,3,4,5,4,3,2,4,1,,,,
3-4-2023 22:28:34,IIT Kharagpur,Kharagpur,Public,IIT KHARAGPUR,17,"Engineering, Science, Management and Humanities",No One,Second,4,5,5,3,4,5,4,4,3,3,,,,
3-4-2023 22:29:10,IIT Kharagpur,Kharagpur,Public,IIT KHARAGPUR,17,"Engineering, Science, Management and Humanities",Father,Second,4,4,4,2,4,4,4,4,3,2,,,,
3-10-2023 11:56:39,IIT Kharagpur,Kharagpur,Public,IIT KHARAGPUR,17,"Engineering, Science, Management and Humanities",No One,Second,5,3,5,4,5,5,5,5,2,5,,,,
2-9-2023 22:53:30,IIT Kharagpur ,Kharagpur,Public,IIT KHARAGPUR ,17,"Engineering, Science, Management and Humanities",No One,Second,1,3,2,3,5,3,1,1,1,3,,,,
2-11-2023 0:42:30,IIT Kharagpur ,Kharagpur,Public,IIT KHARAGPUR ,17,"Engineering, Science, Management and Humanities",No One,Second,4,3,5,2,5,4,2,2,3,2,,,,
2-11-2023 0:45:30,IIT Kharagpur ,Kharagpur,Public,IIT KHARAGPUR ,17,"Engineering, Science, Management and Humanities",No One,Second,3,3,4,5,5,5,3,2,2,3,,,,
2-11-2023 0:53:25,IIT Kharagpur ,Kharagpur,Public,IIT KHARAGPUR ,17,"Engineering, Science, Management and Humanities",No One,Second,2,2,2,4,4,4,3,2,1,4,,,,
2-11-2023 1:05:18,IIT Kharagpur ,Kharagpur,Public,IIT KHARAGPUR ,17,"Engineering, Science, Management and Humanities",No One,Second,4,3,5,2,5,4,4,2,1,2,,,,
2-11-2023 1:22:41,IIT Kharagpur ,Kharagpur,Public,IIT KHARAGPUR ,17,"Engineering, Science, Management and Humanities",No One,Second,4,4,4,2,2,4,5,3,1,2,,,,
2-11-2023 9:27:41,IIT Kharagpur ,Kharagpur,Public,IIT KHARAGPUR ,17,"Engineering, Science, Management and Humanities",No One,Second,3,4,5,4,5,3,4,2,1,3,,,,
2-27-2023 16:41:53,IIT Kharagpur ,Kharagpur,Public,IIT KHARAGPUR ,17,"Engineering, Science, Management and Humanities",No One,Second,4,5,4,3,4,4,1,5,2,4,,,,
3-3-2023 16:18:26,IITKgp,Kharagpur,Public,IITKGP,17,"Engineering, Science, Management and Humanities",No One,Third,3,3,3,3,3,3,3,3,2,2,,,,
3-13-2023 19:14:01,IITKGP,Kharagpur,Public,IITKGP,17,"Engineering, Science, Management and Humanities",No One,Fourth,4,4,3,3,3,5,4,4,1,3,,,,
3-13-2023 16:21:50,"IIT, Kgp",Kharagpur,Public,"IIT, KGP",17,"Engineering, Science, Management and Humanities",Sibling,Third,5,5,5,3,3,5,5,5,3,5,,,,
2-27-2023 17:39:55,IIT Madras,Chennai,Public,IIT MADRAS,18,"Engineering, Science, Management, Humanities and Social Sciences",Sibling,Fourth,4,4,3,4,5,4,4,4,3,4,,,,
3-10-2023 1:20:58,IIT Madras,Chennai,Public,IIT MADRAS,18,"Engineering, Science, Management, Humanities and Social Sciences",No One,Second,4,4,4,4,5,4,4,4,5,4,,,,
3-10-2023 1:21:36,IIT Madras,Chennai,Public,IIT MADRAS,18,"Engineering, Science, Management, Humanities and Social Sciences",Father,First,4,5,5,3,4,4,5,4,4,3,,,,
3-10-2023 1:22:17,IIT MADRAS,Chennai,Public,IIT MADRAS,18,"Engineering, Science, Management, Humanities and Social Sciences",Mother,Second,4,5,5,4,5,5,5,4,4,4,,,,
3-10-2023 1:22:56,IIT madras,Chennai,Public,IIT MADRAS,18,"Engineering, Science, Management, Humanities and Social Sciences",No One,Second,4,4,4,2,4,3,5,3,3,2,,,,
3-10-2023 1:23:36,iit madras,Chennai,Public,IIT MADRAS,18,"Engineering, Science, Management, Humanities and Social Sciences",Grandparents,Second,4,4,4,4,5,5,4,3,3,3,,,,
3-10-2023 11:57:13,IIT Madras,Chennai,Public,IIT MADRAS,18,"Engineering, Science, Management, Humanities and Social Sciences",Sibling,Second,5,5,3,4,3,4,4,4,4,4,,,,
3-10-2023 11:57:48,IIT Madras,Chennai,Public,IIT MADRAS,18,"Engineering, Science, Management, Humanities and Social Sciences",No One,Second,4,4,4,4,4,4,4,4,4,4,,,,
2-25-2023 11:15:45,IITM,Chennai,Public,IITM,18,"Engineering, Science, Management, Humanities and Social Sciences",No One,Third,4,4,3,4,5,5,5,4,3,4,,,,
2-27-2023 19:27:38,IITM,Chennai,Public,IITM,18,"Engineering, Science, Management, Humanities and Social Sciences",No One,First,4,4,3,4,4,4,5,5,3,4,,,,
3-2-2023 7:06:19,IITM,Chennai,Public,IITM,18,"Engineering, Science, Management, Humanities and Social Sciences",No One,Third,3,3,3,4,5,4,4,5,5,2,,,,
3-3-2023 16:13:33,IITM,Chennai,Public,IITM,18,"Engineering, Science, Management, Humanities and Social Sciences",No One,Third,4,4,3,2,2,4,4,5,4,4,,,,
3-13-2023 17:30:29,iitm,Chennai,Public,IITM,18,"Engineering, Science, Management, Humanities and Social Sciences",No One,First,4,4,4,4,4,4,4,4,4,4,,,,
3-13-2023 19:07:17,IITM,Chennai,Public,IITM,18,"Engineering, Science, Management, Humanities and Social Sciences",No One,Fourth,4,4,3,5,5,5,3,4,3,5,,,,
3-13-2023 19:46:46,IITM,Chennai,Public,IITM,18,"Engineering, Science, Management, Humanities and Social Sciences",No One,Fourth,5,5,4,5,5,5,4,5,5,5,,,,
3-13-2023 19:48:12,IITM,Chennai,Public,IITM,18,"Engineering, Science, Management, Humanities and Social Sciences",No One,Second,5,5,5,5,5,5,5,5,5,5,,,,
3-13-2023 19:48:43,IITM,Chennai,Public,IITM,18,"Engineering, Science, Management, Humanities and Social Sciences",No One,Third,5,5,5,5,5,5,5,5,5,5,,,,
3-13-2023 19:49:09,IITM,Chennai,Public,IITM,18,"Engineering, Science, Management, Humanities and Social Sciences",No One,Second,5,5,5,5,5,5,5,5,5,5,,,,
16-03-2023 08:39,IITM,Chennai,Public,IITM,18,"Engineering, Science, Management, Humanities and Social Sciences",Mother,Third,4,5,2,3,5,4,4,4,4,3,,,,
3-5-2023 11:46:28,IIT Patna ,Patna,Public,IIT PATNA ,19,"Engineering, Science and Humanities",Father,Second,2,3,3,4,5,5,1,2,1,2,,,,
3-13-2023 16:17:52,IIT Patna ,Patna,Public,IIT PATNA ,19,"Engineering, Science and Humanities",No One,Second,3,2,2,3,5,5,4,3,2,4,,,,
3-13-2023 16:19:35,IIT Patna ,Patna,Public,IIT PATNA ,19,"Engineering, Science and Humanities",No One,Fourth,3,4,2,1,5,5,4,2,2,2,,,,
3-13-2023 16:20:11,IIT Patna ,Patna,Public,IIT PATNA ,19,"Engineering, Science and Humanities",Father,Third,4,4,2,5,5,5,4,3,2,5,,,,
3-10-2023 1:30:30,IIT Rooar,Ropar,Public,IIT ROOAR,20,"Engineering, Science and Humanities",No One,Third,4,4,4,3,5,4,3,2,3,4,,,,
3-13-2023 19:15:13,IIT Ropar,Ropar,Public,IIT ROPAR,20,"Engineering, Science and Humanities",No One,Third,2,2,1,3,5,3,2,4,1,1,,,,
3-10-2023 1:31:21,IIT Ropar ,Ropar,Public,IIT ROPAR ,20,"Engineering, Science and Humanities",Father,First,3,4,4,2,4,4,3,3,3,2,,,,
3-10-2023 1:32:15,IIT Ropar ,Ropar,Public,IIT ROPAR ,20,"Engineering, Science and Humanities",Grandparents,Third,2,3,3,1,2,3,3,3,2,2,,,,
3-10-2023 1:32:54,IIT Ropar ,Ropar,Public,IIT ROPAR ,20,"Engineering, Science and Humanities",No One,Third,3,5,5,3,4,4,3,4,2,4,,,,
3-10-2023 1:33:38,IIT Ropar ,Ropar,Public,IIT ROPAR ,20,"Engineering, Science and Humanities",No One,Second,3,3,5,4,5,4,3,4,2,2,,,,
3-13-2023 16:22:55,IIT Ropar ,Ropar,Public,IIT ROPAR ,20,"Engineering, Science and Humanities",No One,Second,4,5,3,5,5,3,5,3,3,5,,,,
3-13-2023 16:23:57,IIT Ropar ,Ropar,Public,IIT ROPAR ,20,"Engineering, Science and Humanities",No One,Third,3,4,2,4,5,3,4,3,2,2,,,,
3-3-2023 23:34:46,IIT Roorkee,Roorkee,Public,IIT ROORKEE,21,"Engineering, Science, Management, Humanities and Social Sciences",No One,First,4,3,4,2,4,4,4,4,3,4,,,,
2-9-2023 21:28:54,IIT Roorkee ,Roorkee,Public,IIT ROORKEE ,21,"Engineering, Science, Management, Humanities and Social Sciences",No One,Second,3,3,1,5,3,3,4,3,1,2,,,,
2-11-2023 10:46:51,IIT Roorkee ,Roorkee,Public,IIT ROORKEE ,21,"Engineering, Science, Management, Humanities and Social Sciences",No One,Second,3,3,4,4,5,3,3,3,1,4,,,,
2-27-2023 17:43:12,IIT Roorkee ,Roorkee,Public,IIT ROORKEE ,21,"Engineering, Science, Management, Humanities and Social Sciences",No One,Third,3,2,2,4,4,4,3,4,1,3,,,,
3-13-2023 16:10:47,IIT Roorkee ,Roorkee,Public,IIT ROORKEE ,21,"Engineering, Science, Management, Humanities and Social Sciences",No One,Third,2,5,2,5,5,5,5,3,2,3,,,,
2-14-2023 10:44:32,IITR,Roorkee,Public,IITR,21,"Engineering, Science, Management, Humanities and Social Sciences",No One,Second,3,3,1,3,4,3,3,3,2,2,,,,
2-8-2023 14:45:14,NITK,Mangalore,Public,NITK,22,"Engineering, Science and Management",No One,Second,2,3,2,1,5,1,2,4,1,5,,,,
2-8-2023 14:45:25,NITK,Mangalore,Public,NITK,22,"Engineering, Science and Management",No One,Second,3,4,2,4,4,4,4,4,2,3,,,,
2-8-2023 14:47:37,NITK,Mangalore,Public,NITK,22,"Engineering, Science and Management",No One,Second,2,2,1,3,4,2,3,5,1,3,,,,
2-8-2023 14:47:37,NITK,Mangalore,Public,NITK,22,"Engineering, Science and Management",Mother,Second,3,4,4,4,5,4,2,3,3,3,,,,
2-8-2023 14:59:43,Nitk,Mangalore,Public,NITK,22,"Engineering, Science and Management",No One,Second,4,4,3,3,5,4,5,2,2,1,,,,
2-8-2023 15:00:40,Nitk,Mangalore,Public,NITK,22,"Engineering, Science and Management",No One,Fourth,4,3,2,3,3,4,2,3,3,3,,,,
2-8-2023 15:05:17,NITK,Mangalore,Public,NITK,22,"Engineering, Science and Management",No One,Second,3,2,3,4,5,4,4,4,2,3,,,,
2-8-2023 15:07:11,Nitk,Mangalore,Public,NITK,22,"Engineering, Science and Management",No One,Second,2,5,4,4,3,4,3,2,2,2,,,,
2-8-2023 15:07:30,Nitk,Mangalore,Public,NITK,22,"Engineering, Science and Management",No One,Second,2,3,1,5,4,4,2,2,2,3,,,,
2-8-2023 15:10:28,NITK,Mangalore,Public,NITK,22,"Engineering, Science and Management",Father,Second,3,4,3,2,4,4,3,4,3,2,,,,
2-8-2023 15:39:26,NITK,Mangalore,Public,NITK,22,"Engineering, Science and Management",No One,Third,1,3,3,5,5,4,3,3,2,5,,,,
2-8-2023 15:57:19,NITK,Mangalore,Public,NITK,22,"Engineering, Science and Management",No One,Second,3,4,3,2,5,4,3,4,3,4,,,,
2-8-2023 16:02:27,NITK,Mangalore,Public,NITK,22,"Engineering, Science and Management",Father,Second,1,3,1,2,5,3,2,2,3,4,,,,
2-8-2023 16:12:33,NITK,Mangalore,Public,NITK,22,"Engineering, Science and Management",Father,Second,3,4,2,4,3,4,3,3,2,2,,,,
2-8-2023 16:15:42,NITK,Mangalore,Public,NITK,22,"Engineering, Science and Management",No One,Third,2,1,1,3,5,4,1,1,4,3,,,,
2-8-2023 16:48:14,NITK,Mangalore,Public,NITK,22,"Engineering, Science and Management",No One,Second,2,2,2,5,5,5,3,3,3,5,,,,
2-8-2023 17:17:33,NITK,Mangalore,Public,NITK,22,"Engineering, Science and Management",No One,Second,2,3,2,4,4,4,3,4,3,3,,,,
2-9-2023 10:40:12,Nitk,Mangalore,Public,NITK,22,"Engineering, Science and Management",No One,Second,4,4,4,4,4,4,4,5,3,5,,,,
2-9-2023 21:12:14,NITK,Mangalore,Public,NITK,22,"Engineering, Science and Management",No One,Second,1,2,3,3,4,4,3,2,1,4,,,,
2-15-2023 19:14:12,NITK,Mangalore,Public,NITK,22,"Engineering, Science and Management",No One,Second,4,5,3,4,4,5,5,4,2,5,,,,
2-24-2023 22:45:44,NITK,Mangalore,Public,NITK,22,"Engineering, Science and Management",No One,First,1,3,4,5,4,4,2,3,3,5,,,,
2-27-2023 12:04:52,NITK,Mangalore,Public,NITK,22,"Engineering, Science and Management",No One,Second,4,3,2,3,2,4,3,3,2,3,,,,
2-27-2023 14:14:42,NITK,Mangalore,Public,NITK,22,"Engineering, Science and Management",Grandparents,Fourth,1,1,2,3,3,4,3,4,3,5,,,,
2-27-2023 14:42:49,NITK,Mangalore,Public,NITK,22,"Engineering, Science and Management",No One,Second,1,2,2,3,5,2,2,1,2,2,,,,
3-13-2023 15:30:13,NITK,Mangalore,Public,NITK,22,"Engineering, Science and Management",No One,Second,3,3,4,4,3,3,4,5,4,4,,,,
3-13-2023 16:23:55,NITK,Mangalore,Public,NITK,22,"Engineering, Science and Management",No One,Third,4,4,4,4,4,4,4,4,4,4,,,,
3-13-2023 22:11:45,Nitk,Mangalore,Public,NITK,22,"Engineering, Science and Management",Father,Second,3,3,3,3,2,2,2,3,3,4,,,,
2-8-2023 14:48:44,NITK ,Mangalore,Public,NITK ,22,"Engineering, Science and Management",No One,Second,3,4,2,5,3,4,1,3,5,1,,,,
2-8-2023 14:54:06,NITK ,Mangalore,Public,NITK ,22,"Engineering, Science and Management",No One,Second,2,4,4,5,4,2,2,3,2,2,,,,
2-8-2023 14:55:18,NITK ,Mangalore,Public,NITK ,22,"Engineering, Science and Management",No One,Second,3,4,3,3,5,4,2,3,2,2,,,,
2-8-2023 15:07:44,NITK ,Mangalore,Public,NITK ,22,"Engineering, Science and Management",No One,Second,3,3,4,4,3,4,4,4,4,5,,,,
2-8-2023 15:30:06,Nitk ,Mangalore,Public,NITK ,22,"Engineering, Science and Management",No One,First,1,1,1,5,5,2,2,5,2,1,,,,
2-8-2023 16:15:45,NITK Surathkal,Mangalore,Public,NITK SURATHKAL,22,"Engineering, Science and Management",No One,Third,1,2,3,4,3,4,1,3,2,2,,,,
2-8-2023 19:12:14,NITK Surathkal,Mangalore,Public,NITK SURATHKAL,22,"Engineering, Science and Management",No One,First,1,2,2,3,4,5,1,3,3,5,,,,
2-25-2023 0:14:11,NITK surathkal,Mangalore,Public,NITK SURATHKAL,22,"Engineering, Science and Management",No One,Second,2,3,2,5,5,5,4,4,2,3,,,,
2-8-2023 16:20:46,NITK Surathkal ,Mangalore,Public,NITK SURATHKAL ,22,"Engineering, Science and Management",No One,Second,3,4,3,3,4,4,4,5,5,4,,,,
2-8-2023 16:46:12,NITK Surathkal ,Mangalore,Public,NITK SURATHKAL ,22,"Engineering, Science and Management",No One,Second,1,4,5,2,4,3,4,3,3,3,,,,
2-8-2023 17:24:28,NITK Surathkal ,Mangalore,Public,NITK SURATHKAL ,22,"Engineering, Science and Management",Father,Second,2,4,1,3,4,3,4,4,5,5,,,,
2-8-2023 16:06:03,Nitk suratkal ,Mangalore,Public,NITK SURATKAL ,22,"Engineering, Science and Management",No One,First,1,2,1,2,5,1,1,1,1,5,,,,
2-8-2023 16:00:24,NITK-Surathkal,Mangalore,Public,NITK-SURATHKAL,22,"Engineering, Science and Management",No One,Second,2,3,3,4,4,4,3,2,1,4,,,,
2-8-2023 18:29:05,National Institute of technology Karnataka,Mangalore,Public,NATIONAL INSTITUTE OF TECHNOLOGY KARNATAKA,22,"Engineering, Science and Management",No One,Second,3,4,3,4,4,4,4,3,3,3,,,,
2-24-2023 23:46:06,National Institute of Technology Karnataka,Mangalore,Public,NATIONAL INSTITUTE OF TECHNOLOGY KARNATAKA,22,"Engineering, Science and Management",No One,Second,3,4,5,4,4,4,3,3,2,2,,,,
2-8-2023 14:45:43,National Institute of Technology Karnataka ,Mangalore,Public,NATIONAL INSTITUTE OF TECHNOLOGY KARNATAKA ,22,"Engineering, Science and Management",No One,Second,3,3,2,4,4,4,3,4,2,3,,,,
2-9-2023 15:13:24,National institute of technology Karnataka ,Mangalore,Public,NATIONAL INSTITUTE OF TECHNOLOGY KARNATAKA ,22,"Engineering, Science and Management",No One,Second,2,5,3,5,5,5,3,4,3,4,,,,
2-24-2023 21:49:06,National Institute of Technology Karnataka ,Mangalore,Public,NATIONAL INSTITUTE OF TECHNOLOGY KARNATAKA ,22,"Engineering, Science and Management",Father,First,2,2,4,4,4,4,4,3,4,4,,,,
2-25-2023 10:39:47,National institute of technology Karnataka ,Mangalore,Public,NATIONAL INSTITUTE OF TECHNOLOGY KARNATAKA ,22,"Engineering, Science and Management",No One,Second,2,1,1,5,5,3,4,3,3,5,,,,
2-8-2023 14:49:45,"National Institute of Technology Karnataka, Surathkal",Mangalore,Public,"NATIONAL INSTITUTE OF TECHNOLOGY KARNATAKA, SURATHKAL",22,"Engineering, Science and Management",No One,Second,2,2,1,4,4,5,4,3,2,4,,,,
2-8-2023 14:57:04,"National Institute of Technology Karnataka, Surathkal",Mangalore,Public,"NATIONAL INSTITUTE OF TECHNOLOGY KARNATAKA, SURATHKAL",22,"Engineering, Science and Management",No One,Second,3,4,4,5,5,5,4,4,3,3,,,,
2-8-2023 16:33:16,"National Institute of Technology Karnataka, Surathkal",Mangalore,Public,"NATIONAL INSTITUTE OF TECHNOLOGY KARNATAKA, SURATHKAL",22,"Engineering, Science and Management",No One,Second,2,3,1,1,1,4,3,3,2,3,,,,
2-8-2023 19:59:03,"NATIONAL INSTITUTE OF TECHNOLOGY KARNATAKA, SURATHKAL",Mangalore,Public,"NATIONAL INSTITUTE OF TECHNOLOGY KARNATAKA, SURATHKAL",22,"Engineering, Science and Management",No One,Third,2,2,2,1,4,2,2,1,2,3,,,,
3-13-2023 15:48:23,"National Institute of Technology Karnataka, Surathkal ",Mangalore,Public,"NATIONAL INSTITUTE OF TECHNOLOGY KARNATAKA, SURATHKAL ",22,"Engineering, Science and Management",No One,Second,3,2,1,4,5,5,2,3,1,4,,,,
2-8-2023 16:11:13,National Institute of Technology Surathkal ,Mangalore,Public,NATIONAL INSTITUTE OF TECHNOLOGY SURATHKAL ,22,"Engineering, Science and Management",No One,Second,3,1,1,5,1,3,3,3,1,3,,,,
2-8-2023 15:30:02,National institute of technology Surathkal karnatka ,Mangalore,Public,NATIONAL INSTITUTE OF TECHNOLOGY SURATHKAL KARNATKA ,22,"Engineering, Science and Management",No One,Second,2,2,1,1,3,2,4,2,4,2,,,,
2-24-2023 21:47:16,"National institute of technology, Karnataka",Mangalore,Public,"NATIONAL INSTITUTE OF TECHNOLOGY, KARNATAKA",22,"Engineering, Science and Management",No One,Second,2,3,2,5,5,2,3,3,3,4,,,,
2-8-2023 14:49:20,NIT K ,Mangalore,Public,NIT K ,22,"Engineering, Science and Management",No One,Second,3,2,2,3,5,4,2,3,2,4,,,,
2-9-2023 1:03:53,NIT Karnataka,Mangalore,Public,NIT KARNATAKA,22,"Engineering, Science and Management",No One,Second,2,2,3,5,5,3,4,4,1,5,,,,
2-27-2023 11:39:52,NIT Karnataka,Mangalore,Public,NIT KARNATAKA,22,"Engineering, Science and Management",No One,Second,2,4,2,3,5,3,4,3,2,4,,,,
2-8-2023 15:16:11,"NIT KARNATAKA, SURATHKAL",Mangalore,Public,"NIT KARNATAKA, SURATHKAL",22,"Engineering, Science and Management",No One,First,1,1,1,5,5,4,4,1,1,5,,,,
3-1-2023 15:32:43,"NIT Surathkal, Karnataka",Mangalore,Public,"NIT SURATHKAL, KARNATAKA",22,"Engineering, Science and Management",No One,First,4,4,3,4,1,4,3,2,3,3,,,,
3-13-2023 17:04:24,Nit suratkal ,Mangalore,Public,NIT SURATKAL ,22,"Engineering, Science and Management",No One,Second,1,1,1,4,3,4,2,4,1,5,,,,
2-24-2023 22:20:31,"The National Institute of Technology, Surathkal, Karnataka ",Mangalore,Public,"THE NATIONAL INSTITUTE OF TECHNOLOGY, SURATHKAL, KARNATAKA ",22,"Engineering, Science and Management",No One,Second,2,2,1,3,4,3,2,4,2,2,,,,
13-03-2023 22:11,Nitk,Mangalore,Public,NITK,22,"Engineering, Science and Management",Father,Second,3,3,3,3,2,2,2,3,3,4,,,,
2-11-2023 11:29:06,Banaras hindu university,Varanasi,Public,BANARAS HINDU UNIVERSITY,23,"Science, Arts, Commerce, Education, Law and Management",No One,First,5,5,5,5,5,5,5,5,5,1,,,,
2-11-2023 11:19:57,Banaras Hindu University ,Varanasi,Public,BANARAS HINDU UNIVERSITY ,23,"Science, Arts, Commerce, Education, Law and Management",No One,First,1,1,1,5,5,1,1,1,1,5,,,,
2-11-2023 11:23:12,Banaras Hindu University Varanasi Uttar Pradesh ,Varanasi,Public,BANARAS HINDU UNIVERSITY VARANASI UTTAR PRADESH ,23,"Science, Arts, Commerce, Education, Law and Management",No One,First,3,4,5,4,5,4,1,3,2,3,,,,
2-27-2023 19:26:15,IIT BHU,Varanasi,Public,IIT BHU,24,Engineering and Science,No One,Fourth,4,4,4,4,4,4,4,4,4,4,,,,
3-3-2023 16:42:44,IIT BHU,Varanasi,Public,IIT BHU,24,Engineering and Science,No One,Second,4,4,3,3,3,3,2,3,2,3,,,,
3-13-2023 16:21:02,"IIT, BHU",Varanasi,Public,"IIT, BHU",24,Engineering and Science,Grandparents,First,5,5,5,5,5,5,5,5,5,5,,,,
3-5-2023 14:11:32,Indian Institute of Technology Bhubaneswar ,Varanasi,Public,INDIAN INSTITUTE OF TECHNOLOGY BHUBANESWAR ,24,Engineering and Science,No One,Second,3,3,3,4,4,4,4,3,4,4,,,,
3-10-2023 11:50:23,IIT Varanasi,Varanasi,Public,IIT VARANASI,24,Engineering and Science,Father,Second,3,3,3,4,5,3,3,4,3,4,,,,
3-13-2023 16:20:17,KIIT,Bhubaneshwar,Private,KIIT,25," Engineering, Management, law, and Medicine",Father,Second,3,4,4,4,3,4,4,4,4,4,,,,
3-13-2023 15:57:28,KIIT ,Bhubaneshwar,Private,KIIT ,25," Engineering, Management, law, and Medicine",Father,First,3,3,2,5,5,3,3,3,1,3,,,,
3-13-2023 15:58:17,KIIT ,Bhubaneshwar,Private,KIIT ,25," Engineering, Management, law, and Medicine",Father,Fourth,4,2,2,5,5,3,3,3,1,2,,,,
2-10-2023 18:40:24,Kalinga Institute of Industrial Technology,Bhubaneshwar,Private,KALINGA INSTITUTE OF INDUSTRIAL TECHNOLOGY,25," Engineering, Management, law, and Medicine",No One,Fifth,4,5,5,2,3,4,2,4,5,2,,,,
3-3-2023 23:35:25,KLE Belgaum,Belgaum,Private,KLE BELGAUM,26,"Engineering, Architecture, and Planning",Father,Second,3,3,3,2,4,3,2,3,3,3,,,,
3-3-2023 23:38:27,KLE Belgaum,Belgaum,Private,KLE BELGAUM,26,"Engineering, Architecture, and Planning",No One,First,1,3,3,1,5,3,2,2,2,2,,,,
3-6-2023 23:41:24,Kle belgaum,Belgaum,Private,KLE BELGAUM,26,"Engineering, Architecture, and Planning",Father,Second,3,3,3,2,4,3,2,2,3,2,,,,
3-6-2023 23:42:33,Kle Belgaum,Belgaum,Private,KLE BELGAUM,26,"Engineering, Architecture, and Planning",Father,Third,2,4,3,3,5,4,3,3,3,3,,,,
3-13-2023 16:19:23,LPU,Phagwara,Private,LPU,27,"Engineering, Management, Law, Arts, and Design",No One,Third,3,3,3,3,3,3,3,3,3,3,,,,
3-5-2023 11:13:26,LPU ,Phagwara,Private,LPU ,27,"Engineering, Management, Law, Arts, and Design",Grandparents,Fourth,1,3,3,5,5,4,5,3,2,4,,,,
3-5-2023 11:14:22,LPU ,Phagwara,Private,LPU ,27,"Engineering, Management, Law, Arts, and Design",No One,Third,2,4,4,4,5,5,5,3,2,2,,,,
3-13-2023 15:46:59,LPU ,Phagwara,Private,LPU ,27,"Engineering, Management, Law, Arts, and Design",No One,Second,5,5,3,5,3,5,5,3,1,4,,,,
3-13-2023 15:48:12,LPU ,Phagwara,Private,LPU ,27,"Engineering, Management, Law, Arts, and Design",Father,Fourth,5,5,5,5,5,5,5,3,2,3,,,,
3-13-2023 17:32:28,Mahipal institute of Technology ,Manipal,Private,MAHIPAL INSTITUTE OF TECHNOLOGY ,28,Engineering and Management ,No One,Third,3,3,2,4,4,4,3,4,2,4,,,,
2-27-2023 19:26:59,Manipal institute of technology ,Manipal,Private,MANIPAL INSTITUTE OF TECHNOLOGY ,28,Engineering and Management ,No One,Third,3,3,3,4,3,3,4,4,2,3,,,,
3-6-2023 14:37:12,Manipal institute of Technology ,Manipal,Private,MANIPAL INSTITUTE OF TECHNOLOGY ,28,Engineering and Management ,No One,Fourth,3,3,3,4,3,3,2,4,2,2,,,,
3-13-2023 15:16:22,Manipal institute of Technology ,Manipal,Private,MANIPAL INSTITUTE OF TECHNOLOGY ,28,Engineering and Management ,No One,Fourth,3,3,3,4,4,3,3,4,2,3,,,,
3-3-2023 16:30:37,Manipal university ,Manipal,Private,MANIPAL UNIVERSITY ,28,Engineering and Management ,Sibling,First,3,4,2,4,4,3,2,4,2,4,,,,
2-26-2023 22:13:07,KLE TECHNOLOGICAL UNIVERSITY,Huballi,Private,KLE TECHNOLOGICAL UNIVERSITY,29,"Engineering, Architecture, and Planning",No One,Second,3,3,3,3,3,4,3,3,5,5,,,,
2-26-2023 21:42:07,"KLE Technological University, Hubli",Huballi,Private,"KLE TECHNOLOGICAL UNIVERSITY, HUBLI",29,"Engineering, Architecture, and Planning",No One,Second,3,4,3,3,3,3,3,3,3,3,,,,
2-26-2023 21:41:26,KLE technology University Hubli BVB,Huballi,Private,KLE TECHNOLOGY UNIVERSITY HUBLI BVB,29,"Engineering, Architecture, and Planning",No One,Second,4,5,4,4,4,3,4,4,4,1,,,,
2-26-2023 22:42:01,KLEIT Hubli,Huballi,Private,KLEIT HUBLI,29,"Engineering, Architecture, and Planning",No One,First,1,2,2,4,5,3,1,4,4,5,,,,
3-13-2023 20:16:35,MNIT Jaipur,Jaipur,Public,MNIT JAIPUR,30,Engineering and Management,No One,Third,2,2,1,3,5,3,2,4,3,2,,,,
3-13-2023 20:18:28,MNIT jaipur,Jaipur,Public,MNIT JAIPUR,30,Engineering and Management,Sibling,Fourth,3,3,2,5,5,4,3,4,1,2,,,,
3-13-2023 20:28:50,MNIT Jaipur,Jaipur,Public,MNIT JAIPUR,30,Engineering and Management,No One,Fourth,3,4,2,4,5,4,3,4,3,4,,,,
3-13-2023 20:20:21,MNIT jaipur ,Jaipur,Public,MNIT JAIPUR ,30,Engineering and Management,No One,Fourth,3,2,1,3,4,4,2,3,3,1,,,,
16-03-2023 12:22,NIT Jaipur,Jaipur,Public,NIT JAIPUR,30,Engineering and Management,No One,Second,2,2,2,3,3,4,4,4,4,4,,,,
3-4-2023 22:29:45,NIT Allahabad,Prayagraj,Public,NIT ALLAHABAD,31,Engineering and Management,No One,Third,4,3,3,2,4,4,3,3,3,3,,,,
3-4-2023 22:30:28,NIT Allahabad,Prayagraj,Public,NIT ALLAHABAD,31,Engineering and Management,No One,First,4,4,4,4,5,4,3,3,3,4,,,,
3-13-2023 15:40:26,MANIT Bhopal,Bhopal,Public,MANIT BHOPAL,32,"Engineering, Technology, and Architecture",Sibling,Second,2,2,1,4,5,4,1,2,3,2,,,,
3-13-2023 15:42:00,MANIT Bhopal,Bhopal,Public,MANIT BHOPAL,32,"Engineering, Technology, and Architecture",Father,Fourth,1,2,2,5,5,5,4,4,2,5,,,,
3-4-2023 22:34:27,Nit Bhopal,Bhopal,Public,NIT BHOPAL,32,Engineering and Management,No One,Fourth,3,3,4,3,5,3,3,3,3,2,,,,
3-6-2023 11:29:59,NIT Bhopal,Bhopal,Public,NIT BHOPAL,32,Engineering and Management,No One,Second,3,2,3,5,4,2,2,2,2,4,,,,
3-8-2023 3:09:22,Nit Bhopal,Bhopal,Public,NIT BHOPAL,32,Engineering and Management,No One,Fourth,4,3,4,3,4,3,2,2,3,2,,,,
3-10-2023 14:06:05,Nit Bhopal,Bhopal,Public,NIT BHOPAL,32,Engineering and Management,No One,Third,3,4,4,3,5,4,3,3,3,3,,,,
3-10-2023 14:06:45,Nit bhopal,Bhopal,Public,NIT BHOPAL,32,Engineering and Management,Father,Second,3,4,4,4,2,3,3,2,2,3,,,,
3-10-2023 14:07:40,NIT Bhopal,Bhopal,Public,NIT BHOPAL,32,Engineering and Management,Grandparents,Second,2,3,4,1,2,3,2,2,1,1,,,,
3-10-2023 14:08:37,NIT BHOPAL,Bhopal,Public,NIT BHOPAL,32,Engineering and Management,Grandparents,Fourth,3,3,4,3,5,4,4,3,3,4,,,,
3-13-2023 17:21:43,NIT Bhopal,Bhopal,Public,NIT BHOPAL,32,Engineering and Management,Sibling,Second,4,4,3,4,5,4,4,4,3,5,,,,
3-13-2023 17:22:29,NIT Bhopal,Bhopal,Public,NIT BHOPAL,32,Engineering and Management,Father,Third,2,2,2,4,4,4,4,4,4,4,,,,
3-10-2023 14:05:28,Nit Bhopal ,Bhopal,Public,NIT BHOPAL ,32,Engineering and Management,No One,First,3,4,3,2,4,3,2,3,3,2,,,,
3-8-2023 3:08:46,Nit Bhopla,Bhopal,Public,NIT BHOPLA,32,Engineering and Management,No One,First,3,4,4,3,4,3,3,3,3,3,,,,
16-03-2023 12:21,NIT bhopal,Bhopal,Public,NIT BHOPAL,32,Engineering and Management,No One,Second,2,2,2,3,4,3,4,4,4,4,,,,
3-3-2023 16:12:52,NIT Calicut,Calicut,Public,NIT CALICUT,33,"Engineering, Science and Management",No One,First,3,3,3,4,4,4,2,4,1,3,,,,
3-3-2023 19:14:40,NIT Calicut,Calicut,Public,NIT CALICUT,33,"Engineering, Science and Management",Sibling,First,4,4,4,2,5,5,3,3,4,3,,,,
3-6-2023 23:39:44,Nit calicut,Calicut,Public,NIT CALICUT,33,"Engineering, Science and Management",Father,Third,3,4,3,1,4,3,3,2,2,2,,,,
3-6-2023 23:40:26,Nit calicut,Calicut,Public,NIT CALICUT,33,"Engineering, Science and Management",No One,First,4,4,4,2,4,4,3,3,3,3,,,,
3-10-2023 14:14:05,Nit Calicut,Calicut,Public,NIT CALICUT,33,"Engineering, Science and Management",No One,Second,4,4,4,2,4,3,4,3,4,3,,,,
3-8-2023 3:07:37,Nit durgapur,Durgapur,Public,NIT DURGAPUR,34,"Engineering, Science and Management",No One,Third,3,3,3,2,4,3,3,3,3,2,,,,
3-8-2023 3:08:15,NIT Durgapur,Durgapur,Public,NIT DURGAPUR,34,"Engineering, Science and Management",Father,Second,2,3,3,1,5,2,2,1,2,1,,,,
3-10-2023 14:09:26,NIT Durgapur,Durgapur,Public,NIT DURGAPUR,34,"Engineering, Science and Management",Father,Third,3,4,4,4,3,4,4,3,4,3,,,,
3-10-2023 14:10:00,NIT durgapur,Durgapur,Public,NIT DURGAPUR,34,"Engineering, Science and Management",No One,Third,3,3,2,2,3,3,2,2,2,2,,,,
3-10-2023 14:10:37,Nit durgapur,Durgapur,Public,NIT DURGAPUR,34,"Engineering, Science and Management",Father,Second,4,4,3,3,3,3,3,2,3,3,,,,
3-10-2023 14:11:12,NIT DURGAPUR,Durgapur,Public,NIT DURGAPUR,34,"Engineering, Science and Management",No One,Second,4,4,4,4,2,2,3,3,3,2,,,,
3-10-2023 14:11:53,Nit Durgapur,Durgapur,Public,NIT DURGAPUR,34,"Engineering, Science and Management",Father,Second,4,3,3,3,3,4,3,3,4,3,,,,
3-5-2023 12:53:24,NIT DURGAPUR ,Durgapur,Public,NIT DURGAPUR ,34,"Engineering, Science and Management",No One,First,3,3,2,2,4,4,1,3,2,4,,,,
3-13-2023 15:47:31,"NIT, Durgapur",Durgapur,Public,"NIT, DURGAPUR",34,"Engineering, Science and Management",No One,Second,3,3,2,3,5,3,2,3,3,3,,,,
3-13-2023 15:48:52,"NIT, Durgapur",Durgapur,Public,"NIT, DURGAPUR",34,"Engineering, Science and Management",Father,Second,4,4,3,5,5,4,3,5,3,5,,,,
3-13-2023 15:50:05,"NIT, Durgapur",Durgapur,Public,"NIT, DURGAPUR",34,"Engineering, Science and Management",Father,Second,3,4,3,5,5,4,3,4,3,5,,,,
3-11-2023 9:59:08,NIT Nagpur,Nagpur,Public,NIT NAGPUR,35,"Engineering, Science and Management",No One,Second,3,4,4,4,4,4,4,4,4,4,,,,
3-13-2023 17:16:55,NIT Nagpur,Nagpur,Public,NIT NAGPUR,35,"Engineering, Science and Management",No One,Second,4,2,2,4,4,4,3,4,4,4,,,,
3-13-2023 17:20:54,NIT Nagpur,Nagpur,Public,NIT NAGPUR,35,"Engineering, Science and Management",No One,Second,2,2,3,4,4,4,4,4,4,3,,,,
2-27-2023 12:02:49,NIT Nagpur(VNIT),Nagpur,Public,NIT NAGPUR(VNIT),35,"Engineering, Science and Management",No One,Second,2,3,4,5,5,4,4,4,3,4,,,,
3-13-2023 17:19:32,NIT Napgpur,Nagpur,Public,NIT NAPGPUR,35,"Engineering, Science and Management",No One,Second,3,2,2,4,4,4,2,4,4,4,,,,
2-12-2023 23:01:24,Vnit,Nagpur,Public,VNIT,35,"Engineering, Science and Management",No One,Second,1,1,2,5,5,5,5,1,2,3,,,,
2-8-2023 15:37:21,VNIT Nagpur,Nagpur,Public,VNIT NAGPUR,35,"Engineering, Science and Management",No One,Second,2,3,4,5,5,5,4,2,2,4,,,,
3-3-2023 19:09:18,NIT Rourkela,Rourkela,Public,NIT ROURKELA,36,"Engineering, Science and Management",No One,Third,2,3,3,2,5,3,2,3,2,1,,,,
3-10-2023 14:12:45,Nit rourkela,Rourkela,Public,NIT ROURKELA,36,"Engineering, Science and Management",Mother,Second,3,4,3,3,4,4,3,3,3,2,,,,
3-13-2023 16:02:16,NIT Rourkela ,Rourkela,Public,NIT ROURKELA ,36,"Engineering, Science and Management",Sibling,Fourth,3,4,2,5,5,5,5,3,2,5,,,,
3-13-2023 16:02:59,NIT Rourkela ,Rourkela,Public,NIT ROURKELA ,36,"Engineering, Science and Management",No One,Fourth,2,2,2,1,5,1,2,3,1,1,,,,
3-13-2023 16:08:11,NIT Silchar ,Silchar,Public,NIT SILCHAR ,37,"Engineering, Science and Management",No One,Third,1,3,1,2,1,4,1,3,1,1,,,,
3-13-2023 16:09:15,NIT Silchar ,Silchar,Public,NIT SILCHAR ,37,"Engineering, Science and Management",No One,Fourth,2,4,2,5,5,5,3,3,1,4,,,,
2-8-2023 23:22:34,NIT Trichy,Tiruchirappalli,Public,NIT TRICHY,38,"Engineering, Science and Management",Sibling,Fourth,4,4,2,4,5,4,4,3,2,4,,,,
2-19-2023 9:51:24,NIT Trichy,Tiruchirappalli,Public,NIT TRICHY,38,"Engineering, Science and Management",No One,First,4,4,2,3,2,4,3,2,3,2,,,,
2-19-2023 9:58:31,Nit trichy,Tiruchirappalli,Public,NIT TRICHY,38,"Engineering, Science and Management",No One,First,3,4,5,2,2,3,4,1,2,3,,,,
2-19-2023 10:09:41,NIT Trichy,Tiruchirappalli,Public,NIT TRICHY,38,"Engineering, Science and Management",No One,First,3,4,4,3,4,3,4,3,2,4,,,,
2-19-2023 10:16:41,Nit Trichy,Tiruchirappalli,Public,NIT TRICHY,38,"Engineering, Science and Management",Sibling,Second,5,5,4,4,3,4,3,3,1,3,,,,
2-19-2023 15:41:50,NIT Trichy,Tiruchirappalli,Public,NIT TRICHY,38,"Engineering, Science and Management",No One,Second,3,4,3,3,5,3,2,2,3,2,,,,
3-4-2023 22:32:40,NIT Trichy,Tiruchirappalli,Public,NIT TRICHY,38,"Engineering, Science and Management",Father,Third,4,4,4,2,5,4,4,3,3,2,,,,
3-4-2023 22:33:22,Nit Trichy,Tiruchirappalli,Public,NIT TRICHY,38,"Engineering, Science and Management",Grandparents,Second,4,5,5,2,5,4,4,4,3,4,,,,
3-8-2023 14:50:54,NIT Trichy,Tiruchirappalli,Public,NIT TRICHY,38,"Engineering, Science and Management",No One,Second,4,4,3,4,5,4,3,3,2,3,,,,
3-10-2023 11:55:59,NIT Trichy,Tiruchirappalli,Public,NIT TRICHY,38,"Engineering, Science and Management",Sibling,Second,4,4,2,5,4,3,3,4,3,5,,,,
3-13-2023 15:32:03,Nit trichy,Tiruchirappalli,Public,NIT TRICHY,38,"Engineering, Science and Management",No One,Second,4,4,4,3,5,4,4,4,2,3,,,,
3-13-2023 19:14:40,NIT TRICHY,Tiruchirappalli,Public,NIT TRICHY,38,"Engineering, Science and Management",No One,Third,3,3,2,5,5,3,3,3,2,3,,,,
2-19-2023 10:37:16,Nit Trichy ,Tiruchirappalli,Public,NIT TRICHY ,38,"Engineering, Science and Management",No One,First,4,4,4,3,5,4,4,3,5,5,,,,
2-19-2023 10:44:25,Nit Trichy ,Tiruchirappalli,Public,NIT TRICHY ,38,"Engineering, Science and Management",No One,First,3,4,2,2,3,3,3,2,3,2,,,,
3-13-2023 15:50:52,"NIT, Trichy",Tiruchirappalli,Public,"NIT, TRICHY",38,"Engineering, Science and Management",No One,Fourth,4,4,4,3,3,4,4,4,4,4,,,,
3-13-2023 15:51:25,"NIT, Trichy",Tiruchirappalli,Public,"NIT, TRICHY",38,"Engineering, Science and Management",Father,First,5,5,5,5,5,5,5,5,5,5,,,,
3-13-2023 15:55:21,"NIT, Trichy",Tiruchirappalli,Public,"NIT, TRICHY",38,"Engineering, Science and Management",No One,First,5,5,5,3,3,5,5,5,5,5,,,,
2-19-2023 9:32:05,"Nit, Trichy ",Tiruchirappalli,Public,"NIT, TRICHY ",38,"Engineering, Science and Management",No One,First,3,3,3,4,3,3,4,3,2,4,,,,
2-8-2023 23:11:21,NITT,Tiruchirappalli,Public,NITT,38,"Engineering, Science and Management",Father,Third,1,3,3,2,4,2,3,2,3,4,,,,
2-19-2023 9:50:28,NITT,Tiruchirappalli,Public,NITT,38,"Engineering, Science and Management",No One,Second,1,1,3,2,5,2,2,1,1,2,,,,
3-13-2023 17:36:20,nitt,Tiruchirappalli,Public,NITT,38,"Engineering, Science and Management",No One,Third,2,2,1,2,5,2,2,4,1,1,,,,
3-3-2023 16:26:32,Nit Warangal,Warangal,Public,NIT WARANGAL,39,"Engineering, Science and Management",No One,Third,3,3,3,3,3,3,2,4,2,2,,,,
3-3-2023 19:13:40,NIT Warangal,Warangal,Public,NIT WARANGAL,39,"Engineering, Science and Management",No One,Fourth,3,4,4,2,5,4,4,3,2,2,,,,
3-4-2023 22:31:01,NIT Warangal,Warangal,Public,NIT WARANGAL,39,"Engineering, Science and Management",No One,Second,4,4,4,4,4,4,3,3,3,3,,,,
3-4-2023 22:31:40,NIT Warangal,Warangal,Public,NIT WARANGAL,39,"Engineering, Science and Management",Father,Second,2,3,3,3,3,3,2,2,2,1,,,,
3-6-2023 23:37:48,Nit Warangal ,Warangal,Public,NIT WARANGAL ,39,"Engineering, Science and Management",Grandparents,Second,4,4,4,3,4,3,3,3,3,2,,,,
3-6-2023 23:38:58,Nit Warangal ,Warangal,Public,NIT WARANGAL ,39,"Engineering, Science and Management",No One,First,3,3,3,2,5,3,2,2,2,1,,,,
3-11-2023 1:32:51,PICT,Warangal,Public,PICT,39,Engineering,No One,Second,3,3,3,4,5,3,3,4,5,3,,,,
3-11-2023 1:33:50,PICT,Warangal,Public,PICT,39,Engineering,No One,Second,2,4,2,4,4,4,4,5,4,4,,,,
2-11-2023 11:05:13,Pune Institute of Computer Technology,Warangal,Public,PUNE INSTITUTE OF COMPUTER TECHNOLOGY,39,Engineering,Mother,Second,3,3,3,2,3,2,3,2,4,3,,,,
3-3-2023 23:36:00,RVCE,Bangalore,Private,RVCE,40,Engineering,No One,Fourth,4,3,4,2,4,4,4,4,5,2,,,,
3-3-2023 23:36:35,RVCE,Bangalore,Private,RVCE,40,Engineering,No One,Second,4,4,4,2,4,3,3,3,5,3,,,,
3-3-2023 23:37:33,RVCE,Bangalore,Private,RVCE,40,Engineering,Father,Third,4,2,3,2,5,3,2,2,4,1,,,,
3-13-2023 19:39:40,RVCE,Bangalore,Private,RVCE,40,Engineering,No One,Third,4,4,3,5,5,4,3,4,5,5,,,,
3-13-2023 19:40:15,RVCE,Bangalore,Private,RVCE,40,Engineering,Grandparents,First,2,2,1,3,4,4,3,3,5,4,,,,
3-8-2023 3:10:09,RVCE bangalore,Bangalore,Private,RVCE BANGALORE,40,Engineering,Grandparents,Second,4,4,4,4,4,3,4,3,4,3,,,,
3-8-2023 3:10:43,RVCE bangalore,Bangalore,Private,RVCE BANGALORE,40,Engineering,No One,Second,4,5,3,3,5,4,3,3,5,2,,,,
3-13-2023 15:21:02,SRCC,Delhi,Private,SRCC,41,Commerce and Economics,No One,Third,3,2,2,4,2,5,2,4,5,3,,,,
3-13-2023 15:27:09,SRCC,Delhi,Private,SRCC,41,Commerce and Economics,No One,Second,3,3,2,5,5,5,2,4,5,4,,,,
3-13-2023 15:27:24,SRCC,Delhi,Private,SRCC,41,Commerce and Economics,Father,Second,4,1,1,5,5,1,3,5,5,5,,,,
3-13-2023 15:30:48,SRCC,Delhi,Private,SRCC,41,Commerce and Economics,No One,First,3,2,2,2,5,3,2,5,4,2,,,,
3-13-2023 15:34:47,SRCC,Delhi,Private,SRCC,41,Commerce and Economics,No One,Fourth,4,2,1,2,3,4,3,4,5,2,,,,
3-13-2023 17:12:46,srcc,Delhi,Private,SRCC,41,Commerce and Economics,No One,Fourth,3,3,3,3,3,3,3,3,4,3,,,,
3-13-2023 19:06:53,SRCC,Delhi,Private,SRCC,41,Commerce and Economics,Father,Second,4,3,2,4,5,3,3,4,5,4,,,,
3-13-2023 19:38:28,SRCC,Delhi,Private,SRCC,41,Commerce and Economics,Father,Third,3,3,2,4,5,3,3,4,4,3,,,,
3-13-2023 19:39:01,SRCC,Delhi,Private,SRCC,41,Commerce and Economics,No One,Fourth,4,4,4,4,4,4,4,4,5,5,,,,
3-13-2023 20:04:50,SRCC,Delhi,Private,SRCC,41,Commerce and Economics,No One,Fourth,4,3,2,4,4,4,3,3,4,4,,,,
3-3-2023 16:38:02,SRM,Chennai,Private,SRM,42,"Engineering, Science, Management, Law, and Medicine",No One,Third,3,3,3,5,4,4,3,4,3,4,,,,
3-13-2023 16:15:55,SRM Chennai ,Chennai,Private,SRM CHENNAI ,42,"Engineering, Science, Management, Law, and Medicine",Father,Fourth,3,4,2,5,5,4,4,3,4,5,,,,
3-13-2023 16:16:58,SRM Chennai ,Chennai,Private,SRM CHENNAI ,42,"Engineering, Science, Management, Law, and Medicine",Father,Second,3,4,2,5,3,4,5,3,4,2,,,,
3-5-2023 14:00:54,Dyal singh college ,Delhi,Public,DYAL SINGH COLLEGE ,43,"Arts, Science, and Commerce",No One,First,3,3,3,4,4,5,5,4,4,3,,,,
3-5-2023 13:05:52,"Dyal Singh college,University of Delhi",Delhi,Public,"DYAL SINGH COLLEGE,UNIVERSITY OF DELHI",43,"Arts, Science, and Commerce",No One,First,3,5,5,3,4,3,2,3,5,2,,,,
2-19-2023 2:49:13,SRM KTR,Chennai,Private,SRM KTR,44,"Engineering, Science, Management, Law, and Medicine",No One,Second,3,3,4,4,5,3,3,3,3,3,,,,
3-3-2023 16:29:35,SRM university,Chennai,Private,SRM UNIVERSITY,44,"Engineering, Science, Management, Law, and Medicine",Father,Third,4,4,2,5,3,4,3,2,4,3,,,,
3-13-2023 15:41:05,Symbiosis Institute of Business Management Pune,Pune,Private,SYMBIOSIS INSTITUTE OF BUSINESS MANAGEMENT PUNE,44,Management ,Sibling,Third,4,4,4,4,4,4,4,4,4,4,,,,
3-13-2023 15:42:18,Symbiosis Institute of Business Management Pune,Pune,Private,SYMBIOSIS INSTITUTE OF BUSINESS MANAGEMENT PUNE,44,Management ,Father,Second,5,4,4,4,5,4,4,5,5,5,,,,
3-13-2023 15:43:07,Symbiosis Institute of Business Management Pune,Pune,Private,SYMBIOSIS INSTITUTE OF BUSINESS MANAGEMENT PUNE,44,Management ,No One,Third,4,5,4,4,4,4,4,4,4,4,,,,
3-13-2023 16:00:45,University of Mumbai ,Mumbai,Public,UNIVERSITY OF MUMBAI ,45,"Arts, Science, Commerce, and Management",Father,Third,2,3,2,5,5,5,5,5,5,5,,,,
3-13-2023 16:01:22,University of Mumbai ,Mumbai,Public,UNIVERSITY OF MUMBAI ,45,"Arts, Science, Commerce, and Management",No One,Fourth,3,3,1,3,5,2,3,4,5,2,,,,
2-26-2023 18:08:06,"VIIT, pune-48 ",Pune,Private,"VIIT, PUNE-48 ",46,Engineering,Father,Second,3,4,5,4,3,4,4,3,5,4,,,,
2-26-2023 17:16:59,Vishwakarma institute of information technology Pune ,Pune,Private,VISHWAKARMA INSTITUTE OF INFORMATION TECHNOLOGY PUNE ,46,Engineering,No One,Second,2,5,3,3,5,3,2,4,5,2,,,,
2-24-2023 22:09:49,VIT,Vellore,Public,VIT,47,"Engineering, Science, Management, Law, and Medicine",No One,Third,2,3,3,5,3,5,2,2,2,4,,,,
3-13-2023 20:12:04,VIT,Vellore,Public,VIT,47,"Engineering, Science, Management, Law, and Medicine",No One,First,3,3,2,3,5,4,3,4,2,3,,,,
3-13-2023 20:13:53,VIT ,Vellore,Public,VIT ,47,"Engineering, Science, Management, Law, and Medicine",No One,Fourth,3,3,2,4,5,4,3,4,1,2,,,,
3-3-2023 16:28:23,Vit vellore,Vellore,Public,VIT VELLORE,47,"Engineering, Science, Management, Law, and Medicine",No One,Third,4,3,4,4,3,5,5,3,3,4,,,,
3-3-2023 19:07:32,VIT Vellore,Vellore,Public,VIT VELLORE,47,"Engineering, Science, Management, Law, and Medicine",No One,Second,3,4,4,2,4,4,3,3,3,2,,,,
3-3-2023 19:10:27,VIT Vellore,Vellore,Public,VIT VELLORE,47,"Engineering, Science, Management, Law, and Medicine",Father,First,4,3,4,4,4,4,4,4,4,4,,,,
3-5-2023 7:09:59,VIT Vellore,Vellore,Public,VIT VELLORE,47,"Engineering, Science, Management, Law, and Medicine",No One,Second,4,4,4,4,4,4,4,4,4,4,,,,
3-13-2023 19:06:28,vit vellore,Vellore,Public,VIT VELLORE,47,"Engineering, Science, Management, Law, and Medicine",No One,Third,3,3,2,4,4,3,2,2,2,2,,,,
3-13-2023 16:04:10,VIT Vellore ,Vellore,Public,VIT VELLORE ,47,"Engineering, Science, Management, Law, and Medicine",Father,Fourth,3,5,3,5,5,5,5,3,3,5,,,,
3-13-2023 16:04:52,VIT Vellore ,Vellore,Public,VIT VELLORE ,47,"Engineering, Science, Management, Law, and Medicine",Father,Third,4,5,2,5,5,5,5,2,2,1,,,,
2-24-2023 22:22:58,VIT-AP,Vellore,Public,VIT-AP,47,"Engineering, Science, Management, Law, and Medicine",No One,Third,2,3,3,5,5,4,3,4,2,4,,,,
3-3-2023 23:39:46,VTU Bangalore,Bangalore,Public,VTU BANGALORE,48,Engineering ,Father,Second,4,4,4,3,4,3,3,3,5,3,,,,
3-3-2023 23:40:30,VTU Bangalore,Bangalore,Public,VTU BANGALORE,48,Engineering ,No One,First,4,4,4,3,4,3,3,3,4,3,,,,
3-5-2023 11:08:02,IIEST Shibpur ,Shibpur,Public,IIEST SHIBPUR ,49,"Engineering, Science, and Management",Father,Second,1,1,1,3,4,5,1,3,2,1,,,,
3-5-2023 11:11:01,IIEST Shibpur ,Shibpur,Public,IIEST SHIBPUR ,49,"Engineering, Science, and Management",No One,Third,1,1,2,3,5,4,2,3,2,3,,,,
3-13-2023 15:45:05,IISER Bhopal,Bhopal,Public,IISER BHOPAL,50,Science,Grandparents,Third,1,1,1,4,5,3,2,3,2,3,,,,
3-13-2023 15:45:57,IISER Bhopal,Bhopal,Public,IISER BHOPAL,50,Science,No One,Second,1,1,1,1,5,3,1,3,1,1,,,,
3-8-2023 3:12:39,IIT mandi,Mandi,Public,IIT MANDI,51,"Engineering, Science, and Humanities",No One,Second,4,3,4,3,5,4,3,3,3,3,,,,
3-8-2023 3:13:23,IIT Mandi,Mandi,Public,IIT MANDI,51,"Engineering, Science, and Humanities",Grandparents,Second,4,4,5,2,4,4,4,3,2,3,,,,
3-5-2023 22:23:25,Kristu jayanti,Bangalore,Private,KRISTU JAYANTI,52,"Commerce, Management, Arts, and Science",No One,Third,2,2,3,3,5,4,3,4,2,3,,,,
3-6-2023 1:35:10,kristu jayanti college,Bangalore,Private,KRISTU JAYANTI COLLEGE,52,"Commerce, Management, Arts, and Science",No One,Third,1,1,5,4,5,5,5,5,2,4,,,,
3-13-2023 15:56:45,PEC ,Chandigarh,Public,PEC ,53,Engineering,No One,Third,2,2,2,5,5,3,3,2,2,2,,,,
3-13-2023 15:49:53,PEC Chandigarh ,Chandigarh,Public,PEC CHANDIGARH ,53,Engineering,No One,First,1,1,1,1,5,3,3,2,3,1,,,,
3-5-2023 13:10:07,SAM HIGGINBOTTOM UNIVERSITY OF AGRICULTURE TECHNOLOGY AND SCIENCES ,Prayagraj,Public,SAM HIGGINBOTTOM UNIVERSITY OF AGRICULTURE TECHNOLOGY AND SCIENCES ,54,"Agriculture, Science, Management, and Technology",No One,Second,3,3,2,5,5,4,3,4,4,4,,,,
3-5-2023 13:13:56,Sam Higginbottom University of Agriculture technology and Sciences ,Prayagraj,Public,SAM HIGGINBOTTOM UNIVERSITY OF AGRICULTURE TECHNOLOGY AND SCIENCES ,54,"Agriculture, Science, Management, and Technology",Father,Second,5,5,1,5,5,5,3,3,3,5,,,,
3-5-2023 13:15:12,SHUATS,Prayagraj,Public,SHUATS,54,"Agriculture, Science, Management, and Technology",No One,Second,4,3,3,4,3,4,3,3,3,3,,,,
3-5-2023 13:18:54,Shuats ,Prayagraj,Public,SHUATS ,54,"Agriculture, Science, Management, and Technology",No One,Second,3,3,3,3,4,4,3,3,3,3,,,,
2-27-2023 20:17:07,Blde clg,Bijapur,Private,BLDE CLG,55,Engineering ,No One,Second,2,3,1,4,5,3,2,4,1,2,,,,
2-27-2023 21:11:28,BLDEA's V P Dr PG Halakatti College of Engineering & Technology,Bijapur,Private,BLDEA'S V P DR PG HALAKATTI COLLEGE OF ENGINEERING & TECHNOLOGY,55,Engineering ,No One,Second,1,1,2,3,2,2,2,3,4,3,,,,
2-26-2023 21:52:13,B.L.D.E.A'sV.P. Dr. P.G. Halakatti College of Engg. & Tech,Bijapur,Private,B.L.D.E.A'SV.P. DR. P.G. HALAKATTI COLLEGE OF ENGG. & TECH,55,Engineering,No One,Second,3,4,2,3,4,4,3,4,2,5,,,,
2-9-2023 23:01:28,Vit Chennai ,Chennai,Private,VIT CHENNAI ,101,"Engineering, Science, Management, Law, and Medicine",Father,Second,3,3,4,3,3,3,2,4,4,3,,,,
3-5-2023 13:13:56,Warners college of dairy technology,Prayagraj,Private,WARNERS COLLEGE OF DAIRY TECHNOLOGY,102,Dairy Technology,No One,Second,2,3,1,4,2,3,1,3,2,3,,,,
2-8-2023 17:26:08,Amity University ,Delhi,Private,AMITY UNIVERSITY ,103,"Engineering, Science, Management, Law, and Humanities",No One,Fifth,2,2,3,2,4,3,2,2,4,2,,,,
3-13-2023 16:12:39,AIMS Delhi ,Delhi,Public,AIMS DELHI ,104,Medical,Father,Fifth,5,1,1,5,5,5,5,3,5,1,,,,
2-27-2023 12:33:39,ARSD delhi university,Delhi,Public,ARSD DELHI UNIVERSITY,105,"Arts, Science and Commerce",No One,Second,3,3,4,3,5,5,3,5,5,4,,,,
2-10-2023 9:36:01,"Asutosh College, University of Calcutta ",Kolkata,Public,"ASUTOSH COLLEGE, UNIVERSITY OF CALCUTTA ",106,"Arts, Science and Commerce",Father,Fourth,4,1,1,3,3,3,1,4,1,5,,,,
2-25-2023 10:23:02,B.p.poddar Institute of Management and technology ,Kolata,Private,B.P.PODDAR INSTITUTE OF MANAGEMENT AND TECHNOLOGY ,108,Engineering and Management ,No One,Third,1,1,2,3,4,5,1,3,4,4,,,,
2-8-2023 15:06:57,Bal Bharati College of Commerce,Pune,Private,BAL BHARATI COLLEGE OF COMMERCE,109,Commerce and Economics,No One,Second,3,3,3,5,5,3,3,3,4,3,,,,
3-1-2023 13:26:57,Bharati Vidyapeeth's College of Engineering,Pune,Private,BHARATI VIDYAPEETH'S COLLEGE OF ENGINEERING,110,Engineering ,Father,Fourth,5,5,3,2,5,3,4,3,5,4,,,,
3-5-2023 13:57:38,BIT sindri,Sindri,Public,BIT SINDRI,111,Engineering,No One,First,1,3,1,5,4,4,3,3,1,5,,,,
2-26-2023 22:52:27,BMCRI bangalore ,Bangalore,Public,BMCRI BANGALORE ,112,Medical,No One,First,1,1,1,1,5,5,1,3,5,1,,,,
3-6-2023 0:06:23,BMS institute of technology ,Bangalore,Private,BMS INSTITUTE OF TECHNOLOGY ,113,Engineering,No One,Third,2,3,3,4,4,3,2,4,5,4,,,,
3-1-2023 13:36:33,Chandigarh College of engineering and technology ,Chandigarh,Public,CHANDIGARH COLLEGE OF ENGINEERING AND TECHNOLOGY ,114,Engineering ,Sibling,Second,2,1,1,3,4,3,1,4,5,5,,,,
3-5-2023 13:18:15,Dbkn college,Narhan,Private,DBKN COLLEGE,115,"Arts, Science and Commerce",Sibling,Second,1,4,1,3,5,2,2,5,1,2,,,,
2-27-2023 11:23:46,delhi technological university,Delhi,Public,DELHI TECHNOLOGICAL UNIVERSITY,116,"Engineering, Management, and Applied Sciences",No One,Second,4,5,1,2,4,5,5,5,5,3,,,,
3-5-2023 15:35:13,GNIOT ,Noida,Private,GNIOT ,118,Engineering,No One,Third,1,1,1,5,3,3,1,1,1,5,,,,
3-5-2023 13:32:08,"Government College of Engineering, Nagpur ",Nagput,Public,"GOVERNMENT COLLEGE OF ENGINEERING, NAGPUR ",119,Engineering ,No One,Second,3,4,3,4,4,3,3,4,3,3,,,,
3-5-2023 15:46:50,Government engineering College gandhinagar ,Gandhinagar,Public,GOVERNMENT ENGINEERING COLLEGE GANDHINAGAR ,120,Engineering,No One,Second,1,1,1,3,4,4,3,3,1,5,,,,
3-5-2023 13:17:47,Greater Noida college ,Noida,Private,GREATER NOIDA COLLEGE ,121,"Arts, Science and Commerce",No One,First,1,2,5,5,5,5,5,5,5,5,,,,
2-9-2023 0:35:19,Iiit vadodara ,Vadodara,Public,IIIT VADODARA ,122,Engineering ,No One,Second,2,2,1,3,3,3,3,3,5,3,,,,
3-13-2023 16:21:31,IIT Bhubaneswar ,Bhubaneshwar,Public,IIT BHUBANESWAR ,123,Engineering and Science,Father,Third,2,4,2,5,5,4,3,2,2,3,,,,
3-13-2023 17:17:38,IIIT Nagpur,Nagpur,Public,IIIT NAGPUR,124,Engineering,No One,Second,3,3,4,4,4,3,3,4,4,4,,,,
3-2-2023 16:07:47,Indira College of Commerce and Science Pune ,Pune,Private,INDIRA COLLEGE OF COMMERCE AND SCIENCE PUNE ,125,"Science, Commerce and Management ",Sibling,First,5,5,5,5,5,5,2,5,5,5,,,,
3-10-2023 1:27:33,Jadhavpur University,Kolkata,Public,JADHAVPUR UNIVERSITY,126,"Engineering, Science, Humanities, and Social Sciences",Father,Second,3,3,3,3,1,3,2,2,2,1,,,,
2-24-2023 23:22:15,Kpcmch,Kolkata,Public/Private,KPCMCH,127,Medical,No One,Second,2,3,3,3,3,3,3,3,3,3,,,,
3-5-2023 19:21:59,L.D.COLLEGE OF ENGINEERING,Ahemdabad,Public,L.D.COLLEGE OF ENGINEERING,128,Engineering ,No One,Second,5,5,5,5,5,5,5,5,5,5,,,,
3-13-2023 16:32:44,"LSR, DU",Delhi,Private,"LSR, DU",129,"Humanities, Social Sciences, and Commerce",No One,Second,2,2,1,3,3,3,2,3,4,3,,,,
2-8-2023 14:54:11,Mscet,Surat,Private,MSCET,130,Engineering ,Father,Fourth,4,4,4,4,4,4,4,4,4,4,,,,
3-10-2023 14:13:28,Nit kurukshetra,Kurukshetra,Public,NIT KURUKSHETRA,131,Engineering ,Mother,Fourth,3,4,4,2,4,2,2,2,2,2,,,,
3-6-2023 8:04:32,PES UNIVERSITY ,Bangalore,Private,PES UNIVERSITY ,132,"Engineering, Management, Law, and Design",No One,Second,4,4,4,4,4,3,1,1,4,4,,,,
3-5-2023 14:30:16,PVG COET Pune ,Pune,Private,PVG COET PUNE ,133,Engineering ,No One,Second,3,4,4,4,5,4,4,4,4,5,,,,
2-26-2023 21:43:21,Sahana ,Mysore,Private,SAHANA ,134,,No One,Second,3,3,4,4,3,3,2,2,2,2,,,,
2-8-2023 17:53:27,Scottish Church College ,Kolkata,Private,SCOTTISH CHURCH COLLEGE ,135,"Arts, Science and Commerce",Sibling,First,5,5,5,3,3,2,3,4,4,2,,,,
2-8-2023 14:48:19,Sggs nanded,Nanded,Public,SGGS NANDED,136,Engineering ,No One,First,4,3,4,5,1,2,1,2,1,4,,,,
3-5-2023 13:31:03,Sri krishna,Bangalore,Private,SRI KRISHNA,137,Engineering ,No One,Second,1,2,2,1,1,2,1,1,2,2,,,,
3-2-2023 11:32:49,Sri Venkateswara College ,Delhi,Public,SRI VENKATESWARA COLLEGE ,138,"Arts, Science and Commerce",No One,Third,3,2,4,3,2,5,3,4,5,4,,,,
3-7-2023 0:50:05,University of engineering and management,Kolkata,Public,UNIVERSITY OF ENGINEERING AND MANAGEMENT,139,"Engineering, Management, and Law",No One,Second,1,1,1,2,2,2,2,3,4,5,,,,
3-13-2023 15:33:04,Vjti,Mumbai,Public,VJTI,140,Engineering ,No One,Second,3,4,2,4,4,4,3,3,3,3,,,,
2-8-2023 17:10:27,Fanshawe College ,London,Public,FANSHAWE COLLEGE ,xxx,,No One,First,3,3,3,3,3,3,3,3,3,3,,,,
,,,,,,,,,,,,,,,,,,,,,,
,,,,,,,,,,,,,,,,,,,,,,
